# This file uses centimeters as units for non-parametric coordinates.

mtllib drone.mtl
g default
v 106.785296 1.120455 11.295921
v 106.785296 1.120455 4.009989
v 106.785296 1.902654 11.295921
v 106.785296 1.902654 4.009989
v 105.785296 1.902654 11.295921
v 105.785296 1.902654 4.009989
v 105.785296 1.120455 11.295921
v 105.785296 1.120455 4.009989
vt 0.375000 0.000000
vt 0.625000 0.000000
vt 0.375000 0.250000
vt 0.625000 0.250000
vt 0.375000 0.500000
vt 0.625000 0.500000
vt 0.375000 0.750000
vt 0.625000 0.750000
vt 0.375000 1.000000
vt 0.625000 1.000000
vt 0.875000 0.000000
vt 0.875000 0.250000
vt 0.125000 0.000000
vt 0.125000 0.250000
vn 1.000000 0.000000 0.000000
vn 1.000000 0.000000 0.000000
vn 1.000000 0.000000 0.000000
vn 1.000000 0.000000 0.000000
vn 0.000000 1.000000 0.000000
vn 0.000000 1.000000 0.000000
vn 0.000000 1.000000 0.000000
vn 0.000000 1.000000 0.000000
vn -1.000000 0.000000 -0.000000
vn -1.000000 0.000000 -0.000000
vn -1.000000 0.000000 -0.000000
vn -1.000000 0.000000 -0.000000
vn 0.000000 -1.000000 0.000000
vn 0.000000 -1.000000 0.000000
vn 0.000000 -1.000000 0.000000
vn 0.000000 -1.000000 0.000000
vn 0.000000 0.000000 -1.000000
vn 0.000000 0.000000 -1.000000
vn 0.000000 0.000000 -1.000000
vn 0.000000 0.000000 -1.000000
vn -0.000000 0.000000 1.000000
vn -0.000000 0.000000 1.000000
vn -0.000000 0.000000 1.000000
vn -0.000000 0.000000 1.000000
s off
g DronePropellorFan6 drone_propellor_blade_1 drone_propellor_1 whole_drone
usemtl initialShadingGroup
f 1/1/1 2/2/2 4/4/3 3/3/4
f 3/3/5 4/4/6 6/6/7 5/5/8
f 5/5/9 6/6/10 8/8/11 7/7/12
f 7/7/13 8/8/14 2/10/15 1/9/16
f 2/2/17 8/11/18 6/12/19 4/4/20
f 7/13/21 1/1/22 3/3/23 5/14/24
g default
v 114.010418 1.120455 3.009989
v 106.724486 1.120455 3.009989
v 114.010418 1.902654 3.009989
v 106.724486 1.902654 3.009989
v 114.010418 1.902654 4.009989
v 106.724486 1.902654 4.009989
v 114.010418 1.120455 4.009989
v 106.724486 1.120455 4.009989
vt 0.375000 0.000000
vt 0.625000 0.000000
vt 0.375000 0.250000
vt 0.625000 0.250000
vt 0.375000 0.500000
vt 0.625000 0.500000
vt 0.375000 0.750000
vt 0.625000 0.750000
vt 0.375000 1.000000
vt 0.625000 1.000000
vt 0.875000 0.000000
vt 0.875000 0.250000
vt 0.125000 0.000000
vt 0.125000 0.250000
vn -0.000000 0.000000 -1.000000
vn -0.000000 0.000000 -1.000000
vn -0.000000 0.000000 -1.000000
vn -0.000000 0.000000 -1.000000
vn -0.000000 1.000000 0.000000
vn -0.000000 1.000000 0.000000
vn -0.000000 1.000000 0.000000
vn -0.000000 1.000000 0.000000
vn 0.000000 0.000000 1.000000
vn 0.000000 0.000000 1.000000
vn 0.000000 0.000000 1.000000
vn 0.000000 0.000000 1.000000
vn 0.000000 -1.000000 0.000000
vn 0.000000 -1.000000 0.000000
vn 0.000000 -1.000000 0.000000
vn 0.000000 -1.000000 0.000000
vn -1.000000 0.000000 0.000000
vn -1.000000 0.000000 0.000000
vn -1.000000 0.000000 0.000000
vn -1.000000 0.000000 0.000000
vn 1.000000 0.000000 -0.000000
vn 1.000000 0.000000 -0.000000
vn 1.000000 0.000000 -0.000000
vn 1.000000 0.000000 -0.000000
s off
g drone_propellor_blade_1 drone_propellor_1 whole_drone DronePropellorFan7
usemtl initialShadingGroup
f 9/15/25 10/16/26 12/18/27 11/17/28
f 11/17/29 12/18/30 14/20/31 13/19/32
f 13/19/33 14/20/34 16/22/35 15/21/36
f 15/21/37 16/22/38 10/24/39 9/23/40
f 10/16/41 16/25/42 14/26/43 12/18/44
f 15/27/45 9/15/46 11/17/47 13/28/48
g default
v 98.363679 1.120455 3.921129
v 105.649612 1.120455 3.921129
v 98.363679 1.902654 3.921129
v 105.649612 1.902654 3.921129
v 98.363679 1.902654 2.921129
v 105.649612 1.902654 2.921129
v 98.363679 1.120455 2.921129
v 105.649612 1.120455 2.921129
vt 0.375000 0.000000
vt 0.625000 0.000000
vt 0.375000 0.250000
vt 0.625000 0.250000
vt 0.375000 0.500000
vt 0.625000 0.500000
vt 0.375000 0.750000
vt 0.625000 0.750000
vt 0.375000 1.000000
vt 0.625000 1.000000
vt 0.875000 0.000000
vt 0.875000 0.250000
vt 0.125000 0.000000
vt 0.125000 0.250000
vn 0.000000 0.000000 1.000000
vn 0.000000 0.000000 1.000000
vn 0.000000 0.000000 1.000000
vn 0.000000 0.000000 1.000000
vn 0.000000 1.000000 0.000000
vn 0.000000 1.000000 0.000000
vn 0.000000 1.000000 0.000000
vn 0.000000 1.000000 0.000000
vn 0.000000 0.000000 -1.000000
vn 0.000000 0.000000 -1.000000
vn 0.000000 0.000000 -1.000000
vn 0.000000 0.000000 -1.000000
vn 0.000000 -1.000000 0.000000
vn 0.000000 -1.000000 0.000000
vn 0.000000 -1.000000 0.000000
vn 0.000000 -1.000000 0.000000
vn 1.000000 0.000000 0.000000
vn 1.000000 0.000000 0.000000
vn 1.000000 0.000000 0.000000
vn 1.000000 0.000000 0.000000
vn -1.000000 0.000000 0.000000
vn -1.000000 0.000000 0.000000
vn -1.000000 0.000000 0.000000
vn -1.000000 0.000000 0.000000
s off
g drone_propellor_blade_1 drone_propellor_1 whole_drone DronePropellorFan5
usemtl initialShadingGroup
f 17/29/49 18/30/50 20/32/51 19/31/52
f 19/31/53 20/32/54 22/34/55 21/33/56
f 21/33/57 22/34/58 24/36/59 23/35/60
f 23/35/61 24/36/62 18/38/63 17/37/64
f 18/30/65 24/39/66 22/40/67 20/32/68
f 23/41/69 17/29/70 19/31/71 21/42/72
g default
v 105.724486 1.120455 -4.364803
v 105.724486 1.120455 2.921129
v 105.724486 1.902654 -4.364803
v 105.724486 1.902654 2.921129
v 106.724486 1.902654 -4.364803
v 106.724486 1.902654 2.921129
v 106.724486 1.120455 -4.364803
v 106.724486 1.120455 2.921129
vt 0.375000 0.000000
vt 0.625000 0.000000
vt 0.375000 0.250000
vt 0.625000 0.250000
vt 0.375000 0.500000
vt 0.625000 0.500000
vt 0.375000 0.750000
vt 0.625000 0.750000
vt 0.375000 1.000000
vt 0.625000 1.000000
vt 0.875000 0.000000
vt 0.875000 0.250000
vt 0.125000 0.000000
vt 0.125000 0.250000
vn -1.000000 0.000000 0.000000
vn -1.000000 0.000000 0.000000
vn -1.000000 0.000000 0.000000
vn -1.000000 0.000000 0.000000
vn 0.000000 1.000000 0.000000
vn 0.000000 1.000000 0.000000
vn 0.000000 1.000000 0.000000
vn 0.000000 1.000000 0.000000
vn 1.000000 0.000000 -0.000000
vn 1.000000 0.000000 -0.000000
vn 1.000000 0.000000 -0.000000
vn 1.000000 0.000000 -0.000000
vn 0.000000 -1.000000 0.000000
vn 0.000000 -1.000000 0.000000
vn 0.000000 -1.000000 0.000000
vn 0.000000 -1.000000 0.000000
vn 0.000000 0.000000 1.000000
vn 0.000000 0.000000 1.000000
vn 0.000000 0.000000 1.000000
vn 0.000000 0.000000 1.000000
vn -0.000000 0.000000 -1.000000
vn -0.000000 0.000000 -1.000000
vn -0.000000 0.000000 -1.000000
vn -0.000000 0.000000 -1.000000
s off
g drone_propellor_blade_1 drone_propellor_1 whole_drone DronePropellorFan8
usemtl initialShadingGroup
f 25/43/73 26/44/74 28/46/75 27/45/76
f 27/45/77 28/46/78 30/48/79 29/47/80
f 29/47/81 30/48/82 32/50/83 31/49/84
f 31/49/85 32/50/86 26/52/87 25/51/88
f 26/44/89 32/53/90 30/54/91 28/46/92
f 31/55/93 25/43/94 27/45/95 29/56/96
g default
v 125.670986 -2.866468 -26.991772
v 125.670986 -3.214291 -27.674413
v 125.670986 -3.756038 -28.216160
v 125.670986 -4.438678 -28.563983
v 125.670986 -5.195391 -28.683834
v 125.670986 -5.952105 -28.563983
v 125.670986 -6.634745 -28.216160
v 125.670986 -7.176492 -27.674413
v 125.670986 -7.524314 -26.991772
v 125.670986 -7.644166 -26.235059
v 125.670986 -7.524314 -25.478346
v 125.670986 -7.176492 -24.795706
v 125.670986 -6.634745 -24.253959
v 125.670986 -5.952104 -23.906137
v 125.670986 -5.195392 -23.786285
v 125.670986 -4.438679 -23.906137
v 125.670986 -3.756038 -24.253959
v 125.670986 -3.214292 -24.795706
v 125.670986 -2.866469 -25.478346
v 125.670986 -2.746618 -26.235059
v 125.235276 -2.866468 -26.991772
v 125.235276 -3.214291 -27.674413
v 125.235276 -3.756038 -28.216160
v 125.235276 -4.438678 -28.563983
v 125.235276 -5.195391 -28.683834
v 125.235276 -5.952105 -28.563983
v 125.235276 -6.634745 -28.216160
v 125.235276 -7.176492 -27.674413
v 125.235276 -7.524314 -26.991772
v 125.235276 -7.644166 -26.235059
v 125.235276 -7.524314 -25.478346
v 125.235276 -7.176492 -24.795706
v 125.235276 -6.634745 -24.253959
v 125.235276 -5.952104 -23.906137
v 125.235276 -5.195392 -23.786285
v 125.235276 -4.438679 -23.906137
v 125.235276 -3.756038 -24.253959
v 125.235276 -3.214292 -24.795706
v 125.235276 -2.866469 -25.478346
v 125.235276 -2.746618 -26.235059
v 125.670986 -5.195391 -26.235059
v 125.235276 -5.195391 -26.235059
vt 0.648603 0.107966
vt 0.626409 0.064408
vt 0.591842 0.029841
vt 0.548284 0.007647
vt 0.500000 -0.000000
vt 0.451716 0.007647
vt 0.408159 0.029841
vt 0.373591 0.064409
vt 0.351397 0.107966
vt 0.343750 0.156250
vt 0.351397 0.204534
vt 0.373591 0.248091
vt 0.408159 0.282659
vt 0.451716 0.304853
vt 0.500000 0.312500
vt 0.548284 0.304853
vt 0.591841 0.282659
vt 0.626409 0.248091
vt 0.648603 0.204534
vt 0.656250 0.156250
vt 0.375000 0.312500
vt 0.387500 0.312500
vt 0.400000 0.312500
vt 0.412500 0.312500
vt 0.425000 0.312500
vt 0.437500 0.312500
vt 0.450000 0.312500
vt 0.462500 0.312500
vt 0.475000 0.312500
vt 0.487500 0.312500
vt 0.500000 0.312500
vt 0.512500 0.312500
vt 0.525000 0.312500
vt 0.537500 0.312500
vt 0.550000 0.312500
vt 0.562500 0.312500
vt 0.575000 0.312500
vt 0.587500 0.312500
vt 0.600000 0.312500
vt 0.612500 0.312500
vt 0.625000 0.312500
vt 0.375000 0.687500
vt 0.387500 0.687500
vt 0.400000 0.687500
vt 0.412500 0.687500
vt 0.425000 0.687500
vt 0.437500 0.687500
vt 0.450000 0.687500
vt 0.462500 0.687500
vt 0.475000 0.687500
vt 0.487500 0.687500
vt 0.500000 0.687500
vt 0.512500 0.687500
vt 0.525000 0.687500
vt 0.537500 0.687500
vt 0.550000 0.687500
vt 0.562500 0.687500
vt 0.575000 0.687500
vt 0.587500 0.687500
vt 0.600000 0.687500
vt 0.612500 0.687500
vt 0.625000 0.687500
vt 0.648603 0.795466
vt 0.626409 0.751908
vt 0.591842 0.717341
vt 0.548284 0.695147
vt 0.500000 0.687500
vt 0.451716 0.695147
vt 0.408159 0.717341
vt 0.373591 0.751909
vt 0.351397 0.795466
vt 0.343750 0.843750
vt 0.351397 0.892034
vt 0.373591 0.935591
vt 0.408159 0.970159
vt 0.451716 0.992353
vt 0.500000 1.000000
vt 0.548284 0.992353
vt 0.591841 0.970159
vt 0.626409 0.935591
vt 0.648603 0.892034
vt 0.656250 0.843750
vt 0.500000 0.156250
vt 0.500000 0.843750
vn -0.000000 0.951057 -0.309016
vn -0.000000 0.809017 -0.587785
vn -0.000000 0.809017 -0.587785
vn -0.000000 0.951057 -0.309016
vn -0.000000 0.587785 -0.809017
vn -0.000000 0.587785 -0.809017
vn -0.000000 0.309017 -0.951057
vn -0.000000 0.309017 -0.951057
vn 0.000000 -0.000000 -1.000000
vn 0.000000 -0.000000 -1.000000
vn 0.000000 -0.309017 -0.951056
vn 0.000000 -0.309017 -0.951056
vn 0.000000 -0.587785 -0.809017
vn 0.000000 -0.587785 -0.809017
vn 0.000000 -0.809017 -0.587785
vn 0.000000 -0.809017 -0.587785
vn 0.000000 -0.951056 -0.309017
vn 0.000000 -0.951056 -0.309017
vn 0.000000 -1.000000 0.000000
vn 0.000000 -1.000000 0.000000
vn 0.000000 -0.951057 0.309017
vn 0.000000 -0.951057 0.309017
vn 0.000000 -0.809017 0.587785
vn 0.000000 -0.809017 0.587785
vn 0.000000 -0.587785 0.809017
vn 0.000000 -0.587785 0.809017
vn 0.000000 -0.309017 0.951057
vn 0.000000 -0.309017 0.951057
vn -0.000000 0.000000 1.000000
vn -0.000000 0.000000 1.000000
vn -0.000000 0.309017 0.951056
vn -0.000000 0.309017 0.951056
vn -0.000000 0.587785 0.809017
vn -0.000000 0.587785 0.809017
vn -0.000000 0.809017 0.587785
vn -0.000000 0.809017 0.587785
vn -0.000000 0.951057 0.309017
vn -0.000000 0.951057 0.309017
vn -0.000000 1.000000 0.000001
vn -0.000000 1.000000 0.000001
vn 1.000000 0.000000 0.000000
vn 1.000000 0.000000 0.000000
vn 1.000000 0.000000 0.000000
vn 1.000000 0.000000 0.000000
vn 1.000000 0.000000 0.000000
vn 1.000000 0.000000 0.000000
vn 1.000000 0.000000 0.000000
vn 1.000000 0.000000 0.000000
vn 1.000000 0.000000 0.000000
vn 1.000000 0.000000 0.000000
vn 1.000000 0.000000 0.000000
vn 1.000000 0.000000 0.000000
vn 1.000000 0.000000 0.000000
vn 1.000000 0.000000 0.000000
vn 1.000000 0.000000 0.000000
vn 1.000000 0.000000 0.000000
vn 1.000000 0.000000 0.000000
vn 1.000000 0.000000 0.000000
vn 1.000000 0.000000 0.000000
vn 1.000000 0.000000 0.000000
vn 1.000000 0.000000 0.000000
vn -1.000000 -0.000000 0.000000
vn -1.000000 -0.000000 0.000000
vn -1.000000 -0.000000 0.000000
vn -1.000000 -0.000000 0.000000
vn -1.000000 -0.000000 0.000000
vn -1.000000 -0.000000 0.000000
vn -1.000000 -0.000000 0.000000
vn -1.000000 -0.000000 0.000000
vn -1.000000 -0.000000 0.000000
vn -1.000000 -0.000000 0.000000
vn -1.000000 -0.000000 0.000000
vn -1.000000 -0.000000 0.000000
vn -1.000000 -0.000000 0.000000
vn -1.000000 -0.000000 0.000000
vn -1.000000 -0.000000 0.000000
vn -1.000000 -0.000000 0.000000
vn -1.000000 -0.000000 0.000000
vn -1.000000 -0.000000 0.000000
vn -1.000000 -0.000000 0.000000
vn -1.000000 -0.000000 0.000000
vn -1.000000 -0.000000 0.000000
s 1
g Drone_Wheel3
usemtl initialShadingGroup
f 33/77/97 34/78/98 54/99/99 53/98/100
f 34/78/98 35/79/101 55/100/102 54/99/99
f 35/79/101 36/80/103 56/101/104 55/100/102
f 36/80/103 37/81/105 57/102/106 56/101/104
f 37/81/105 38/82/107 58/103/108 57/102/106
f 38/82/107 39/83/109 59/104/110 58/103/108
f 39/83/109 40/84/111 60/105/112 59/104/110
f 40/84/111 41/85/113 61/106/114 60/105/112
f 41/85/113 42/86/115 62/107/116 61/106/114
f 42/86/115 43/87/117 63/108/118 62/107/116
f 43/87/117 44/88/119 64/109/120 63/108/118
f 44/88/119 45/89/121 65/110/122 64/109/120
f 45/89/121 46/90/123 66/111/124 65/110/122
f 46/90/123 47/91/125 67/112/126 66/111/124
f 47/91/125 48/92/127 68/113/128 67/112/126
f 48/92/127 49/93/129 69/114/130 68/113/128
f 49/93/129 50/94/131 70/115/132 69/114/130
f 50/94/131 51/95/133 71/116/134 70/115/132
f 51/95/133 52/96/135 72/117/136 71/116/134
f 52/96/135 33/97/97 53/118/100 72/117/136
s 2
f 34/58/137 33/57/138 73/139/139
f 35/59/140 34/58/137 73/139/139
f 36/60/141 35/59/140 73/139/139
f 37/61/142 36/60/141 73/139/139
f 38/62/143 37/61/142 73/139/139
f 39/63/144 38/62/143 73/139/139
f 40/64/145 39/63/144 73/139/139
f 41/65/146 40/64/145 73/139/139
f 42/66/147 41/65/146 73/139/139
f 43/67/148 42/66/147 73/139/139
f 44/68/149 43/67/148 73/139/139
f 45/69/150 44/68/149 73/139/139
f 46/70/151 45/69/150 73/139/139
f 47/71/152 46/70/151 73/139/139
f 48/72/153 47/71/152 73/139/139
f 49/73/154 48/72/153 73/139/139
f 50/74/155 49/73/154 73/139/139
f 51/75/156 50/74/155 73/139/139
f 52/76/157 51/75/156 73/139/139
f 33/57/138 52/76/157 73/139/139
s 3
f 53/137/158 54/136/159 74/140/160
f 54/136/159 55/135/161 74/140/160
f 55/135/161 56/134/162 74/140/160
f 56/134/162 57/133/163 74/140/160
f 57/133/163 58/132/164 74/140/160
f 58/132/164 59/131/165 74/140/160
f 59/131/165 60/130/166 74/140/160
f 60/130/166 61/129/167 74/140/160
f 61/129/167 62/128/168 74/140/160
f 62/128/168 63/127/169 74/140/160
f 63/127/169 64/126/170 74/140/160
f 64/126/170 65/125/171 74/140/160
f 65/125/171 66/124/172 74/140/160
f 66/124/172 67/123/173 74/140/160
f 67/123/173 68/122/174 74/140/160
f 68/122/174 69/121/175 74/140/160
f 69/121/175 70/120/176 74/140/160
f 70/120/176 71/119/177 74/140/160
f 71/119/177 72/138/178 74/140/160
f 72/138/178 53/137/158 74/140/160
g default
v 125.670986 -2.866468 -7.612963
v 125.670986 -3.214291 -8.295604
v 125.670986 -3.756038 -8.837351
v 125.670986 -4.438678 -9.185174
v 125.670986 -5.195391 -9.305025
v 125.670986 -5.952105 -9.185174
v 125.670986 -6.634745 -8.837351
v 125.670986 -7.176492 -8.295604
v 125.670986 -7.524314 -7.612963
v 125.670986 -7.644166 -6.856250
v 125.670986 -7.524314 -6.099537
v 125.670986 -7.176492 -5.416897
v 125.670986 -6.634745 -4.875150
v 125.670986 -5.952104 -4.527328
v 125.670986 -5.195392 -4.407476
v 125.670986 -4.438679 -4.527328
v 125.670986 -3.756038 -4.875150
v 125.670986 -3.214292 -5.416897
v 125.670986 -2.866469 -6.099538
v 125.670986 -2.746618 -6.856250
v 125.235276 -2.866468 -7.612963
v 125.235276 -3.214291 -8.295604
v 125.235276 -3.756038 -8.837351
v 125.235276 -4.438678 -9.185174
v 125.235276 -5.195391 -9.305025
v 125.235276 -5.952105 -9.185174
v 125.235276 -6.634745 -8.837351
v 125.235276 -7.176492 -8.295604
v 125.235276 -7.524314 -7.612963
v 125.235276 -7.644166 -6.856250
v 125.235276 -7.524314 -6.099537
v 125.235276 -7.176492 -5.416897
v 125.235276 -6.634745 -4.875150
v 125.235276 -5.952104 -4.527328
v 125.235276 -5.195392 -4.407476
v 125.235276 -4.438679 -4.527328
v 125.235276 -3.756038 -4.875150
v 125.235276 -3.214292 -5.416897
v 125.235276 -2.866469 -6.099538
v 125.235276 -2.746618 -6.856250
v 125.670986 -5.195391 -6.856250
v 125.235276 -5.195391 -6.856250
vt 0.648603 0.107966
vt 0.626409 0.064408
vt 0.591842 0.029841
vt 0.548284 0.007647
vt 0.500000 -0.000000
vt 0.451716 0.007647
vt 0.408159 0.029841
vt 0.373591 0.064409
vt 0.351397 0.107966
vt 0.343750 0.156250
vt 0.351397 0.204534
vt 0.373591 0.248091
vt 0.408159 0.282659
vt 0.451716 0.304853
vt 0.500000 0.312500
vt 0.548284 0.304853
vt 0.591841 0.282659
vt 0.626409 0.248091
vt 0.648603 0.204534
vt 0.656250 0.156250
vt 0.375000 0.312500
vt 0.387500 0.312500
vt 0.400000 0.312500
vt 0.412500 0.312500
vt 0.425000 0.312500
vt 0.437500 0.312500
vt 0.450000 0.312500
vt 0.462500 0.312500
vt 0.475000 0.312500
vt 0.487500 0.312500
vt 0.500000 0.312500
vt 0.512500 0.312500
vt 0.525000 0.312500
vt 0.537500 0.312500
vt 0.550000 0.312500
vt 0.562500 0.312500
vt 0.575000 0.312500
vt 0.587500 0.312500
vt 0.600000 0.312500
vt 0.612500 0.312500
vt 0.625000 0.312500
vt 0.375000 0.687500
vt 0.387500 0.687500
vt 0.400000 0.687500
vt 0.412500 0.687500
vt 0.425000 0.687500
vt 0.437500 0.687500
vt 0.450000 0.687500
vt 0.462500 0.687500
vt 0.475000 0.687500
vt 0.487500 0.687500
vt 0.500000 0.687500
vt 0.512500 0.687500
vt 0.525000 0.687500
vt 0.537500 0.687500
vt 0.550000 0.687500
vt 0.562500 0.687500
vt 0.575000 0.687500
vt 0.587500 0.687500
vt 0.600000 0.687500
vt 0.612500 0.687500
vt 0.625000 0.687500
vt 0.648603 0.795466
vt 0.626409 0.751908
vt 0.591842 0.717341
vt 0.548284 0.695147
vt 0.500000 0.687500
vt 0.451716 0.695147
vt 0.408159 0.717341
vt 0.373591 0.751909
vt 0.351397 0.795466
vt 0.343750 0.843750
vt 0.351397 0.892034
vt 0.373591 0.935591
vt 0.408159 0.970159
vt 0.451716 0.992353
vt 0.500000 1.000000
vt 0.548284 0.992353
vt 0.591841 0.970159
vt 0.626409 0.935591
vt 0.648603 0.892034
vt 0.656250 0.843750
vt 0.500000 0.156250
vt 0.500000 0.843750
vn -0.000000 0.951057 -0.309016
vn -0.000000 0.809017 -0.587785
vn -0.000000 0.809017 -0.587785
vn -0.000000 0.951057 -0.309016
vn -0.000000 0.587785 -0.809017
vn -0.000000 0.587785 -0.809017
vn -0.000000 0.309017 -0.951057
vn -0.000000 0.309017 -0.951057
vn 0.000000 -0.000000 -1.000000
vn 0.000000 -0.000000 -1.000000
vn 0.000000 -0.309017 -0.951056
vn 0.000000 -0.309017 -0.951056
vn 0.000000 -0.587785 -0.809017
vn 0.000000 -0.587785 -0.809017
vn 0.000000 -0.809017 -0.587785
vn 0.000000 -0.809017 -0.587785
vn 0.000000 -0.951056 -0.309017
vn 0.000000 -0.951056 -0.309017
vn 0.000000 -1.000000 0.000000
vn 0.000000 -1.000000 0.000000
vn 0.000000 -0.951057 0.309017
vn 0.000000 -0.951057 0.309017
vn 0.000000 -0.809017 0.587785
vn 0.000000 -0.809017 0.587785
vn 0.000000 -0.587785 0.809017
vn 0.000000 -0.587785 0.809017
vn 0.000000 -0.309017 0.951057
vn 0.000000 -0.309017 0.951057
vn -0.000000 0.000000 1.000000
vn -0.000000 0.000000 1.000000
vn -0.000000 0.309017 0.951056
vn -0.000000 0.309017 0.951056
vn -0.000000 0.587785 0.809017
vn -0.000000 0.587785 0.809017
vn -0.000000 0.809017 0.587785
vn -0.000000 0.809017 0.587785
vn -0.000000 0.951057 0.309017
vn -0.000000 0.951057 0.309017
vn -0.000000 1.000000 0.000001
vn -0.000000 1.000000 0.000001
vn 1.000000 0.000000 0.000000
vn 1.000000 0.000000 0.000000
vn 1.000000 0.000000 0.000000
vn 1.000000 0.000000 0.000000
vn 1.000000 0.000000 0.000000
vn 1.000000 0.000000 0.000000
vn 1.000000 0.000000 0.000000
vn 1.000000 0.000000 0.000000
vn 1.000000 0.000000 0.000000
vn 1.000000 0.000000 0.000000
vn 1.000000 0.000000 0.000000
vn 1.000000 0.000000 0.000000
vn 1.000000 0.000000 0.000000
vn 1.000000 0.000000 0.000000
vn 1.000000 0.000000 0.000000
vn 1.000000 0.000000 0.000000
vn 1.000000 0.000000 0.000000
vn 1.000000 0.000000 0.000000
vn 1.000000 0.000000 0.000000
vn 1.000000 0.000000 0.000000
vn 1.000000 0.000000 0.000000
vn -1.000000 -0.000000 0.000000
vn -1.000000 -0.000000 0.000000
vn -1.000000 -0.000000 0.000000
vn -1.000000 -0.000000 0.000000
vn -1.000000 -0.000000 0.000000
vn -1.000000 -0.000000 0.000000
vn -1.000000 -0.000000 0.000000
vn -1.000000 -0.000000 0.000000
vn -1.000000 -0.000000 0.000000
vn -1.000000 -0.000000 0.000000
vn -1.000000 -0.000000 0.000000
vn -1.000000 -0.000000 0.000000
vn -1.000000 -0.000000 0.000000
vn -1.000000 -0.000000 0.000000
vn -1.000000 -0.000000 0.000000
vn -1.000000 -0.000000 0.000000
vn -1.000000 -0.000000 0.000000
vn -1.000000 -0.000000 0.000000
vn -1.000000 -0.000000 0.000000
vn -1.000000 -0.000000 0.000000
vn -1.000000 -0.000000 0.000000
s 1
g Drone_Wheel4
usemtl initialShadingGroup
f 75/161/179 76/162/180 96/183/181 95/182/182
f 76/162/180 77/163/183 97/184/184 96/183/181
f 77/163/183 78/164/185 98/185/186 97/184/184
f 78/164/185 79/165/187 99/186/188 98/185/186
f 79/165/187 80/166/189 100/187/190 99/186/188
f 80/166/189 81/167/191 101/188/192 100/187/190
f 81/167/191 82/168/193 102/189/194 101/188/192
f 82/168/193 83/169/195 103/190/196 102/189/194
f 83/169/195 84/170/197 104/191/198 103/190/196
f 84/170/197 85/171/199 105/192/200 104/191/198
f 85/171/199 86/172/201 106/193/202 105/192/200
f 86/172/201 87/173/203 107/194/204 106/193/202
f 87/173/203 88/174/205 108/195/206 107/194/204
f 88/174/205 89/175/207 109/196/208 108/195/206
f 89/175/207 90/176/209 110/197/210 109/196/208
f 90/176/209 91/177/211 111/198/212 110/197/210
f 91/177/211 92/178/213 112/199/214 111/198/212
f 92/178/213 93/179/215 113/200/216 112/199/214
f 93/179/215 94/180/217 114/201/218 113/200/216
f 94/180/217 75/181/179 95/202/182 114/201/218
s 2
f 76/142/219 75/141/220 115/223/221
f 77/143/222 76/142/219 115/223/221
f 78/144/223 77/143/222 115/223/221
f 79/145/224 78/144/223 115/223/221
f 80/146/225 79/145/224 115/223/221
f 81/147/226 80/146/225 115/223/221
f 82/148/227 81/147/226 115/223/221
f 83/149/228 82/148/227 115/223/221
f 84/150/229 83/149/228 115/223/221
f 85/151/230 84/150/229 115/223/221
f 86/152/231 85/151/230 115/223/221
f 87/153/232 86/152/231 115/223/221
f 88/154/233 87/153/232 115/223/221
f 89/155/234 88/154/233 115/223/221
f 90/156/235 89/155/234 115/223/221
f 91/157/236 90/156/235 115/223/221
f 92/158/237 91/157/236 115/223/221
f 93/159/238 92/158/237 115/223/221
f 94/160/239 93/159/238 115/223/221
f 75/141/220 94/160/239 115/223/221
s 3
f 95/221/240 96/220/241 116/224/242
f 96/220/241 97/219/243 116/224/242
f 97/219/243 98/218/244 116/224/242
f 98/218/244 99/217/245 116/224/242
f 99/217/245 100/216/246 116/224/242
f 100/216/246 101/215/247 116/224/242
f 101/215/247 102/214/248 116/224/242
f 102/214/248 103/213/249 116/224/242
f 103/213/249 104/212/250 116/224/242
f 104/212/250 105/211/251 116/224/242
f 105/211/251 106/210/252 116/224/242
f 106/210/252 107/209/253 116/224/242
f 107/209/253 108/208/254 116/224/242
f 108/208/254 109/207/255 116/224/242
f 109/207/255 110/206/256 116/224/242
f 110/206/256 111/205/257 116/224/242
f 111/205/257 112/204/258 116/224/242
f 112/204/258 113/203/259 116/224/242
f 113/203/259 114/222/260 116/224/242
f 114/222/260 95/221/240 116/224/242
g default
v 116.077292 -2.866468 -26.991772
v 116.077292 -3.214291 -27.674413
v 116.077292 -3.756038 -28.216160
v 116.077292 -4.438678 -28.563983
v 116.077292 -5.195391 -28.683834
v 116.077292 -5.952105 -28.563983
v 116.077292 -6.634745 -28.216160
v 116.077292 -7.176492 -27.674413
v 116.077292 -7.524314 -26.991772
v 116.077292 -7.644166 -26.235059
v 116.077292 -7.524314 -25.478346
v 116.077292 -7.176492 -24.795706
v 116.077292 -6.634745 -24.253959
v 116.077292 -5.952104 -23.906137
v 116.077292 -5.195392 -23.786285
v 116.077292 -4.438679 -23.906137
v 116.077292 -3.756038 -24.253959
v 116.077292 -3.214292 -24.795706
v 116.077292 -2.866469 -25.478346
v 116.077292 -2.746618 -26.235059
v 115.641582 -2.866468 -26.991772
v 115.641582 -3.214291 -27.674413
v 115.641582 -3.756038 -28.216160
v 115.641582 -4.438678 -28.563983
v 115.641582 -5.195391 -28.683834
v 115.641582 -5.952105 -28.563983
v 115.641582 -6.634745 -28.216160
v 115.641582 -7.176492 -27.674413
v 115.641582 -7.524314 -26.991772
v 115.641582 -7.644166 -26.235059
v 115.641582 -7.524314 -25.478346
v 115.641582 -7.176492 -24.795706
v 115.641582 -6.634745 -24.253959
v 115.641582 -5.952104 -23.906137
v 115.641582 -5.195392 -23.786285
v 115.641582 -4.438679 -23.906137
v 115.641582 -3.756038 -24.253959
v 115.641582 -3.214292 -24.795706
v 115.641582 -2.866469 -25.478346
v 115.641582 -2.746618 -26.235059
v 116.077292 -5.195391 -26.235059
v 115.641582 -5.195391 -26.235059
vt 0.648603 0.107966
vt 0.626409 0.064408
vt 0.591842 0.029841
vt 0.548284 0.007647
vt 0.500000 -0.000000
vt 0.451716 0.007647
vt 0.408159 0.029841
vt 0.373591 0.064409
vt 0.351397 0.107966
vt 0.343750 0.156250
vt 0.351397 0.204534
vt 0.373591 0.248091
vt 0.408159 0.282659
vt 0.451716 0.304853
vt 0.500000 0.312500
vt 0.548284 0.304853
vt 0.591841 0.282659
vt 0.626409 0.248091
vt 0.648603 0.204534
vt 0.656250 0.156250
vt 0.375000 0.312500
vt 0.387500 0.312500
vt 0.400000 0.312500
vt 0.412500 0.312500
vt 0.425000 0.312500
vt 0.437500 0.312500
vt 0.450000 0.312500
vt 0.462500 0.312500
vt 0.475000 0.312500
vt 0.487500 0.312500
vt 0.500000 0.312500
vt 0.512500 0.312500
vt 0.525000 0.312500
vt 0.537500 0.312500
vt 0.550000 0.312500
vt 0.562500 0.312500
vt 0.575000 0.312500
vt 0.587500 0.312500
vt 0.600000 0.312500
vt 0.612500 0.312500
vt 0.625000 0.312500
vt 0.375000 0.687500
vt 0.387500 0.687500
vt 0.400000 0.687500
vt 0.412500 0.687500
vt 0.425000 0.687500
vt 0.437500 0.687500
vt 0.450000 0.687500
vt 0.462500 0.687500
vt 0.475000 0.687500
vt 0.487500 0.687500
vt 0.500000 0.687500
vt 0.512500 0.687500
vt 0.525000 0.687500
vt 0.537500 0.687500
vt 0.550000 0.687500
vt 0.562500 0.687500
vt 0.575000 0.687500
vt 0.587500 0.687500
vt 0.600000 0.687500
vt 0.612500 0.687500
vt 0.625000 0.687500
vt 0.648603 0.795466
vt 0.626409 0.751908
vt 0.591842 0.717341
vt 0.548284 0.695147
vt 0.500000 0.687500
vt 0.451716 0.695147
vt 0.408159 0.717341
vt 0.373591 0.751909
vt 0.351397 0.795466
vt 0.343750 0.843750
vt 0.351397 0.892034
vt 0.373591 0.935591
vt 0.408159 0.970159
vt 0.451716 0.992353
vt 0.500000 1.000000
vt 0.548284 0.992353
vt 0.591841 0.970159
vt 0.626409 0.935591
vt 0.648603 0.892034
vt 0.656250 0.843750
vt 0.500000 0.156250
vt 0.500000 0.843750
vn -0.000000 0.951057 -0.309016
vn -0.000000 0.809017 -0.587785
vn -0.000000 0.809017 -0.587785
vn -0.000000 0.951057 -0.309016
vn -0.000000 0.587785 -0.809017
vn -0.000000 0.587785 -0.809017
vn -0.000000 0.309017 -0.951057
vn -0.000000 0.309017 -0.951057
vn 0.000000 -0.000000 -1.000000
vn 0.000000 -0.000000 -1.000000
vn 0.000000 -0.309017 -0.951056
vn 0.000000 -0.309017 -0.951056
vn 0.000000 -0.587785 -0.809017
vn 0.000000 -0.587785 -0.809017
vn 0.000000 -0.809017 -0.587785
vn 0.000000 -0.809017 -0.587785
vn 0.000000 -0.951056 -0.309017
vn 0.000000 -0.951056 -0.309017
vn 0.000000 -1.000000 0.000000
vn 0.000000 -1.000000 0.000000
vn 0.000000 -0.951057 0.309017
vn 0.000000 -0.951057 0.309017
vn 0.000000 -0.809017 0.587785
vn 0.000000 -0.809017 0.587785
vn 0.000000 -0.587785 0.809017
vn 0.000000 -0.587785 0.809017
vn 0.000000 -0.309017 0.951057
vn 0.000000 -0.309017 0.951057
vn -0.000000 0.000000 1.000000
vn -0.000000 0.000000 1.000000
vn -0.000000 0.309017 0.951056
vn -0.000000 0.309017 0.951056
vn -0.000000 0.587785 0.809017
vn -0.000000 0.587785 0.809017
vn -0.000000 0.809017 0.587785
vn -0.000000 0.809017 0.587785
vn -0.000000 0.951057 0.309017
vn -0.000000 0.951057 0.309017
vn -0.000000 1.000000 0.000001
vn -0.000000 1.000000 0.000001
vn 1.000000 0.000000 0.000000
vn 1.000000 0.000000 0.000000
vn 1.000000 0.000000 0.000000
vn 1.000000 0.000000 0.000000
vn 1.000000 0.000000 0.000000
vn 1.000000 0.000000 0.000000
vn 1.000000 0.000000 0.000000
vn 1.000000 0.000000 0.000000
vn 1.000000 0.000000 0.000000
vn 1.000000 0.000000 0.000000
vn 1.000000 0.000000 0.000000
vn 1.000000 0.000000 0.000000
vn 1.000000 0.000000 0.000000
vn 1.000000 0.000000 0.000000
vn 1.000000 0.000000 0.000000
vn 1.000000 0.000000 0.000000
vn 1.000000 0.000000 0.000000
vn 1.000000 0.000000 0.000000
vn 1.000000 0.000000 0.000000
vn 1.000000 0.000000 0.000000
vn 1.000000 0.000000 0.000000
vn -1.000000 -0.000000 0.000000
vn -1.000000 -0.000000 0.000000
vn -1.000000 -0.000000 0.000000
vn -1.000000 -0.000000 0.000000
vn -1.000000 -0.000000 0.000000
vn -1.000000 -0.000000 0.000000
vn -1.000000 -0.000000 0.000000
vn -1.000000 -0.000000 0.000000
vn -1.000000 -0.000000 0.000000
vn -1.000000 -0.000000 0.000000
vn -1.000000 -0.000000 0.000000
vn -1.000000 -0.000000 0.000000
vn -1.000000 -0.000000 0.000000
vn -1.000000 -0.000000 0.000000
vn -1.000000 -0.000000 0.000000
vn -1.000000 -0.000000 0.000000
vn -1.000000 -0.000000 0.000000
vn -1.000000 -0.000000 0.000000
vn -1.000000 -0.000000 0.000000
vn -1.000000 -0.000000 0.000000
vn -1.000000 -0.000000 0.000000
s 1
g Drone_Wheel2
usemtl initialShadingGroup
f 117/245/261 118/246/262 138/267/263 137/266/264
f 118/246/262 119/247/265 139/268/266 138/267/263
f 119/247/265 120/248/267 140/269/268 139/268/266
f 120/248/267 121/249/269 141/270/270 140/269/268
f 121/249/269 122/250/271 142/271/272 141/270/270
f 122/250/271 123/251/273 143/272/274 142/271/272
f 123/251/273 124/252/275 144/273/276 143/272/274
f 124/252/275 125/253/277 145/274/278 144/273/276
f 125/253/277 126/254/279 146/275/280 145/274/278
f 126/254/279 127/255/281 147/276/282 146/275/280
f 127/255/281 128/256/283 148/277/284 147/276/282
f 128/256/283 129/257/285 149/278/286 148/277/284
f 129/257/285 130/258/287 150/279/288 149/278/286
f 130/258/287 131/259/289 151/280/290 150/279/288
f 131/259/289 132/260/291 152/281/292 151/280/290
f 132/260/291 133/261/293 153/282/294 152/281/292
f 133/261/293 134/262/295 154/283/296 153/282/294
f 134/262/295 135/263/297 155/284/298 154/283/296
f 135/263/297 136/264/299 156/285/300 155/284/298
f 136/264/299 117/265/261 137/286/264 156/285/300
s 2
f 118/226/301 117/225/302 157/307/303
f 119/227/304 118/226/301 157/307/303
f 120/228/305 119/227/304 157/307/303
f 121/229/306 120/228/305 157/307/303
f 122/230/307 121/229/306 157/307/303
f 123/231/308 122/230/307 157/307/303
f 124/232/309 123/231/308 157/307/303
f 125/233/310 124/232/309 157/307/303
f 126/234/311 125/233/310 157/307/303
f 127/235/312 126/234/311 157/307/303
f 128/236/313 127/235/312 157/307/303
f 129/237/314 128/236/313 157/307/303
f 130/238/315 129/237/314 157/307/303
f 131/239/316 130/238/315 157/307/303
f 132/240/317 131/239/316 157/307/303
f 133/241/318 132/240/317 157/307/303
f 134/242/319 133/241/318 157/307/303
f 135/243/320 134/242/319 157/307/303
f 136/244/321 135/243/320 157/307/303
f 117/225/302 136/244/321 157/307/303
s 3
f 137/305/322 138/304/323 158/308/324
f 138/304/323 139/303/325 158/308/324
f 139/303/325 140/302/326 158/308/324
f 140/302/326 141/301/327 158/308/324
f 141/301/327 142/300/328 158/308/324
f 142/300/328 143/299/329 158/308/324
f 143/299/329 144/298/330 158/308/324
f 144/298/330 145/297/331 158/308/324
f 145/297/331 146/296/332 158/308/324
f 146/296/332 147/295/333 158/308/324
f 147/295/333 148/294/334 158/308/324
f 148/294/334 149/293/335 158/308/324
f 149/293/335 150/292/336 158/308/324
f 150/292/336 151/291/337 158/308/324
f 151/291/337 152/290/338 158/308/324
f 152/290/338 153/289/339 158/308/324
f 153/289/339 154/288/340 158/308/324
f 154/288/340 155/287/341 158/308/324
f 155/287/341 156/306/342 158/308/324
f 156/306/342 137/305/322 158/308/324
g default
v 116.731508 0.867314 -8.003819
v 116.559534 0.743393 -8.175794
v 116.423055 0.550382 -8.312273
v 116.335429 0.307173 -8.399899
v 116.305236 0.037575 -8.430092
v 116.335429 -0.232024 -8.399899
v 116.423055 -0.475232 -8.312273
v 116.559534 -0.668244 -8.175794
v 116.731509 -0.792164 -8.003819
v 116.922144 -0.834865 -7.813184
v 117.112778 -0.792164 -7.622549
v 117.284753 -0.668244 -7.450575
v 117.421232 -0.475232 -7.314095
v 117.508858 -0.232024 -7.226470
v 117.539051 0.037575 -7.196277
v 117.508858 0.307173 -7.226470
v 117.421232 0.550381 -7.314096
v 117.284753 0.743393 -7.450575
v 117.112778 0.867314 -7.622549
v 116.922144 0.910014 -7.813184
v 105.543826 0.867314 3.183864
v 105.371851 0.743393 3.011889
v 105.235372 0.550382 2.875410
v 105.147746 0.307173 2.787784
v 105.117553 0.037575 2.757591
v 105.147746 -0.232024 2.787784
v 105.235372 -0.475232 2.875410
v 105.371851 -0.668244 3.011889
v 105.543826 -0.792164 3.183864
v 105.734461 -0.834865 3.374499
v 105.925096 -0.792164 3.565134
v 106.097070 -0.668244 3.737108
v 106.233549 -0.475232 3.873587
v 106.321175 -0.232024 3.961213
v 106.351368 0.037575 3.991406
v 106.321175 0.307173 3.961213
v 106.233549 0.550381 3.873587
v 106.097070 0.743393 3.737108
v 105.925096 0.867314 3.565134
v 105.734461 0.910014 3.374499
v 116.922144 0.037575 -7.813184
v 105.734461 0.037575 3.374499
vt 0.648603 0.107966
vt 0.626409 0.064408
vt 0.591842 0.029841
vt 0.548284 0.007647
vt 0.500000 -0.000000
vt 0.451716 0.007647
vt 0.408159 0.029841
vt 0.373591 0.064409
vt 0.351397 0.107966
vt 0.343750 0.156250
vt 0.351397 0.204534
vt 0.373591 0.248091
vt 0.408159 0.282659
vt 0.451716 0.304853
vt 0.500000 0.312500
vt 0.548284 0.304853
vt 0.591841 0.282659
vt 0.626409 0.248091
vt 0.648603 0.204534
vt 0.656250 0.156250
vt 0.375000 0.312500
vt 0.387500 0.312500
vt 0.400000 0.312500
vt 0.412500 0.312500
vt 0.425000 0.312500
vt 0.437500 0.312500
vt 0.450000 0.312500
vt 0.462500 0.312500
vt 0.475000 0.312500
vt 0.487500 0.312500
vt 0.500000 0.312500
vt 0.512500 0.312500
vt 0.525000 0.312500
vt 0.537500 0.312500
vt 0.550000 0.312500
vt 0.562500 0.312500
vt 0.575000 0.312500
vt 0.587500 0.312500
vt 0.600000 0.312500
vt 0.612500 0.312500
vt 0.625000 0.312500
vt 0.375000 0.687500
vt 0.387500 0.687500
vt 0.400000 0.687500
vt 0.412500 0.687500
vt 0.425000 0.687500
vt 0.437500 0.687500
vt 0.450000 0.687500
vt 0.462500 0.687500
vt 0.475000 0.687500
vt 0.487500 0.687500
vt 0.500000 0.687500
vt 0.512500 0.687500
vt 0.525000 0.687500
vt 0.537500 0.687500
vt 0.550000 0.687500
vt 0.562500 0.687500
vt 0.575000 0.687500
vt 0.587500 0.687500
vt 0.600000 0.687500
vt 0.612500 0.687500
vt 0.625000 0.687500
vt 0.648603 0.795466
vt 0.626409 0.751908
vt 0.591842 0.717341
vt 0.548284 0.695147
vt 0.500000 0.687500
vt 0.451716 0.695147
vt 0.408159 0.717341
vt 0.373591 0.751909
vt 0.351397 0.795466
vt 0.343750 0.843750
vt 0.351397 0.892034
vt 0.373591 0.935591
vt 0.408159 0.970159
vt 0.451716 0.992353
vt 0.500000 1.000000
vt 0.548284 0.992353
vt 0.591841 0.970159
vt 0.626409 0.935591
vt 0.648603 0.892034
vt 0.656250 0.843750
vt 0.500000 0.156250
vt 0.500000 0.843750
vn -0.218507 0.951057 -0.218507
vn -0.415627 0.809017 -0.415627
vn -0.415627 0.809017 -0.415627
vn -0.218507 0.951057 -0.218507
vn -0.572061 0.587785 -0.572061
vn -0.572061 0.587785 -0.572061
vn -0.672499 0.309017 -0.672499
vn -0.672499 0.309017 -0.672499
vn -0.707107 -0.000000 -0.707107
vn -0.707107 -0.000000 -0.707107
vn -0.672499 -0.309017 -0.672499
vn -0.672499 -0.309017 -0.672499
vn -0.572061 -0.587785 -0.572061
vn -0.572061 -0.587785 -0.572061
vn -0.415627 -0.809017 -0.415627
vn -0.415627 -0.809017 -0.415627
vn -0.218508 -0.951057 -0.218508
vn -0.218508 -0.951057 -0.218508
vn 0.000000 -1.000000 0.000000
vn 0.000000 -1.000000 0.000000
vn 0.218508 -0.951057 0.218508
vn 0.218508 -0.951057 0.218508
vn 0.415627 -0.809017 0.415627
vn 0.415627 -0.809017 0.415627
vn 0.572061 -0.587785 0.572061
vn 0.572061 -0.587785 0.572061
vn 0.672499 -0.309017 0.672499
vn 0.672499 -0.309017 0.672499
vn 0.707107 0.000000 0.707107
vn 0.707107 0.000000 0.707107
vn 0.672499 0.309017 0.672499
vn 0.672499 0.309017 0.672499
vn 0.572061 0.587785 0.572061
vn 0.572061 0.587785 0.572061
vn 0.415627 0.809017 0.415627
vn 0.415627 0.809017 0.415627
vn 0.218508 0.951057 0.218508
vn 0.218508 0.951057 0.218508
vn 0.000001 1.000000 0.000001
vn 0.000001 1.000000 0.000001
vn 0.707107 0.000000 -0.707107
vn 0.707107 0.000000 -0.707107
vn 0.707107 0.000000 -0.707107
vn 0.707107 0.000000 -0.707107
vn 0.707107 0.000000 -0.707107
vn 0.707107 0.000000 -0.707107
vn 0.707107 0.000000 -0.707107
vn 0.707107 0.000000 -0.707107
vn 0.707107 0.000000 -0.707107
vn 0.707107 0.000000 -0.707107
vn 0.707107 0.000000 -0.707107
vn 0.707107 0.000000 -0.707107
vn 0.707107 0.000000 -0.707107
vn 0.707107 0.000000 -0.707107
vn 0.707107 0.000000 -0.707107
vn 0.707107 0.000000 -0.707107
vn 0.707107 0.000000 -0.707107
vn 0.707107 0.000000 -0.707107
vn 0.707107 0.000000 -0.707107
vn 0.707107 0.000000 -0.707107
vn 0.707107 0.000000 -0.707107
vn -0.707107 -0.000000 0.707107
vn -0.707107 -0.000000 0.707107
vn -0.707107 -0.000000 0.707107
vn -0.707107 -0.000000 0.707107
vn -0.707107 -0.000000 0.707107
vn -0.707107 -0.000000 0.707107
vn -0.707107 -0.000000 0.707107
vn -0.707107 -0.000000 0.707107
vn -0.707107 -0.000000 0.707107
vn -0.707107 -0.000000 0.707107
vn -0.707107 -0.000000 0.707107
vn -0.707107 -0.000000 0.707107
vn -0.707107 -0.000000 0.707107
vn -0.707107 -0.000000 0.707107
vn -0.707107 -0.000000 0.707107
vn -0.707107 -0.000000 0.707107
vn -0.707107 -0.000000 0.707107
vn -0.707107 -0.000000 0.707107
vn -0.707107 -0.000000 0.707107
vn -0.707107 -0.000000 0.707107
vn -0.707107 -0.000000 0.707107
s 1
g drone_propellor_1 whole_drone DronePropellorLeg1
usemtl initialShadingGroup
f 159/329/343 160/330/344 180/351/345 179/350/346
f 160/330/344 161/331/347 181/352/348 180/351/345
f 161/331/347 162/332/349 182/353/350 181/352/348
f 162/332/349 163/333/351 183/354/352 182/353/350
f 163/333/351 164/334/353 184/355/354 183/354/352
f 164/334/353 165/335/355 185/356/356 184/355/354
f 165/335/355 166/336/357 186/357/358 185/356/356
f 166/336/357 167/337/359 187/358/360 186/357/358
f 167/337/359 168/338/361 188/359/362 187/358/360
f 168/338/361 169/339/363 189/360/364 188/359/362
f 169/339/363 170/340/365 190/361/366 189/360/364
f 170/340/365 171/341/367 191/362/368 190/361/366
f 171/341/367 172/342/369 192/363/370 191/362/368
f 172/342/369 173/343/371 193/364/372 192/363/370
f 173/343/371 174/344/373 194/365/374 193/364/372
f 174/344/373 175/345/375 195/366/376 194/365/374
f 175/345/375 176/346/377 196/367/378 195/366/376
f 176/346/377 177/347/379 197/368/380 196/367/378
f 177/347/379 178/348/381 198/369/382 197/368/380
f 178/348/381 159/349/343 179/370/346 198/369/382
s 2
f 160/310/383 159/309/384 199/391/385
f 161/311/386 160/310/383 199/391/385
f 162/312/387 161/311/386 199/391/385
f 163/313/388 162/312/387 199/391/385
f 164/314/389 163/313/388 199/391/385
f 165/315/390 164/314/389 199/391/385
f 166/316/391 165/315/390 199/391/385
f 167/317/392 166/316/391 199/391/385
f 168/318/393 167/317/392 199/391/385
f 169/319/394 168/318/393 199/391/385
f 170/320/395 169/319/394 199/391/385
f 171/321/396 170/320/395 199/391/385
f 172/322/397 171/321/396 199/391/385
f 173/323/398 172/322/397 199/391/385
f 174/324/399 173/323/398 199/391/385
f 175/325/400 174/324/399 199/391/385
f 176/326/401 175/325/400 199/391/385
f 177/327/402 176/326/401 199/391/385
f 178/328/403 177/327/402 199/391/385
f 159/309/384 178/328/403 199/391/385
s 3
f 179/389/404 180/388/405 200/392/406
f 180/388/405 181/387/407 200/392/406
f 181/387/407 182/386/408 200/392/406
f 182/386/408 183/385/409 200/392/406
f 183/385/409 184/384/410 200/392/406
f 184/384/410 185/383/411 200/392/406
f 185/383/411 186/382/412 200/392/406
f 186/382/412 187/381/413 200/392/406
f 187/381/413 188/380/414 200/392/406
f 188/380/414 189/379/415 200/392/406
f 189/379/415 190/378/416 200/392/406
f 190/378/416 191/377/417 200/392/406
f 191/377/417 192/376/418 200/392/406
f 192/376/418 193/375/419 200/392/406
f 193/375/419 194/374/420 200/392/406
f 194/374/420 195/373/421 200/392/406
f 195/373/421 196/372/422 200/392/406
f 196/372/422 197/371/423 200/392/406
f 197/371/423 198/390/424 200/392/406
f 198/390/424 179/389/404 200/392/406
g default
v 113.282924 -3.375036 -10.519747
v 128.023798 -3.375036 -10.519747
v 113.282924 3.375036 -10.519747
v 128.023798 3.375036 -10.519747
v 113.282924 3.375036 -25.260620
v 128.023798 3.375036 -25.260620
v 113.282924 -3.375036 -25.260620
v 128.023798 -3.375036 -25.260620
v 114.882914 1.775035 -32.760630
v 126.423802 1.775035 -32.760630
v 126.423802 -1.775035 -32.760630
v 114.882914 -1.775035 -32.760630
v 114.135106 -2.984809 -3.219747
v 127.171617 -2.984809 -3.219747
v 127.171617 2.984809 -3.219747
v 114.135106 2.984809 -3.219747
v 115.201119 -4.967602 -9.569815
v 126.105603 -4.967602 -9.569815
v 125.475207 -4.678940 -4.169679
v 115.831516 -4.678940 -4.169679
vt 0.375000 0.000000
vt 0.625000 0.000000
vt 0.375000 0.250000
vt 0.625000 0.250000
vt 0.375000 0.500000
vt 0.625000 0.500000
vt 0.375000 0.750000
vt 0.625000 0.750000
vt 0.375000 1.000000
vt 0.625000 1.000000
vt 0.875000 0.000000
vt 0.875000 0.250000
vt 0.125000 0.000000
vt 0.125000 0.250000
vt 0.375000 0.500000
vt 0.625000 0.500000
vt 0.625000 0.750000
vt 0.375000 0.750000
vt 0.375000 0.000000
vt 0.625000 0.000000
vt 0.625000 0.250000
vt 0.375000 0.250000
vt 0.375000 0.000000
vt 0.625000 0.000000
vt 0.625000 0.000000
vt 0.375000 0.000000
vn 0.000000 0.000000 1.000000
vn 0.000000 0.000000 1.000000
vn 0.000000 0.000000 1.000000
vn 0.000000 0.000000 1.000000
vn 0.000000 0.999870 0.016132
vn 0.000000 0.999870 0.016132
vn 0.000000 0.998158 -0.060667
vn 0.000000 0.998158 -0.060667
vn 0.000000 0.000000 -1.000000
vn 0.000000 0.000000 -1.000000
vn 0.000000 0.000000 -1.000000
vn 0.000000 0.000000 -1.000000
vn 0.000000 -0.998158 -0.060667
vn 0.000000 -0.998158 -0.060667
vn 0.000000 -1.000000 0.000000
vn 0.000000 -1.000000 0.000000
vn 0.999380 0.000000 0.035212
vn 0.998897 0.000000 -0.046944
vn 0.998897 0.000000 -0.046944
vn 0.999380 0.000000 0.035212
vn -0.998898 0.000000 -0.046944
vn -0.999380 0.000000 0.035212
vn -0.999380 0.000000 0.035212
vn -0.998898 0.000000 -0.046944
vn 0.000000 0.977993 -0.208638
vn 0.000000 0.977993 -0.208638
vn 0.977993 0.000000 -0.208638
vn 0.977993 0.000000 -0.208638
vn 0.000000 -0.977993 -0.208638
vn 0.000000 -0.977993 -0.208638
vn -0.977993 0.000000 -0.208637
vn -0.977993 0.000000 -0.208637
vn 0.000000 -0.998574 0.053379
vn 0.000000 -0.998574 0.053379
vn 0.000000 -0.998574 0.053379
vn 0.000000 -0.998574 0.053379
vn 0.993255 0.000000 0.115950
vn 0.993255 0.000000 0.115950
vn 0.000000 0.998574 0.053379
vn 0.000000 0.998574 0.053379
vn -0.993255 0.000000 0.115950
vn -0.993255 0.000000 0.115950
vn 0.000000 -0.512270 -0.858824
vn 0.000000 -0.512270 -0.858824
vn 0.000000 -0.512270 -0.858824
vn 0.000000 -0.512270 -0.858824
vn 0.668109 -0.734764 0.117270
vn 0.668109 -0.734765 0.117270
vn 0.668109 -0.734764 0.117270
vn 0.668109 -0.734765 0.117270
vn 0.000000 -0.489081 0.872238
vn 0.000000 -0.489081 0.872238
vn 0.000000 -0.489081 0.872238
vn 0.000000 -0.489081 0.872238
vn -0.668108 -0.734764 0.117270
vn -0.668108 -0.734764 0.117270
vn -0.668109 -0.734764 0.117270
vn -0.668109 -0.734764 0.117270
s off
g whole_drone DroneBody
usemtl initialShadingGroup
f 213/411/425 214/412/426 215/413/427 216/414/428
s 1
f 203/395/429 204/396/430 206/398/431 205/397/432
s off
f 209/407/433 210/408/434 211/409/435 212/410/436
s 2
f 207/399/437 208/400/438 202/402/439 201/401/440
s 3
f 202/394/441 208/403/442 206/404/443 204/396/444
s 4
f 207/405/445 201/393/446 203/395/447 205/406/448
s 1
f 205/397/432 206/398/431 210/408/449 209/407/450
s 3
f 206/398/443 208/400/442 211/409/451 210/408/452
s 2
f 208/400/438 207/399/437 212/410/453 211/409/454
s 4
f 207/399/445 205/397/448 209/407/455 212/410/456
s off
f 217/415/457 218/416/458 219/417/459 220/418/460
s 3
f 202/394/441 204/396/444 215/413/461 214/412/462
s 1
f 204/396/430 203/395/429 216/414/463 215/413/464
s 4
f 203/395/447 201/393/446 213/411/465 216/414/466
s off
f 201/393/467 202/394/468 218/416/469 217/415/470
f 202/394/471 214/412/472 219/417/473 218/416/474
f 214/412/475 213/411/476 220/418/477 219/417/478
f 213/411/479 201/393/480 217/415/481 220/418/482
g default
v 115.137395 0.867314 -25.606898
v 115.309369 0.743393 -25.778872
v 115.445849 0.550382 -25.915352
v 115.533474 0.307173 -26.002977
v 115.563668 0.037575 -26.033171
v 115.533474 -0.232024 -26.002977
v 115.445849 -0.475232 -25.915352
v 115.309369 -0.668244 -25.778872
v 115.137395 -0.792164 -25.606898
v 114.946760 -0.834865 -25.416263
v 114.756125 -0.792164 -25.225628
v 114.584151 -0.668244 -25.053654
v 114.447671 -0.475232 -24.917174
v 114.360046 -0.232024 -24.829549
v 114.329852 0.037575 -24.799355
v 114.360046 0.307173 -24.829549
v 114.447671 0.550381 -24.917174
v 114.584151 0.743393 -25.053654
v 114.756125 0.867314 -25.225628
v 114.946760 0.910014 -25.416263
v 103.949712 0.867314 -36.794581
v 104.121686 0.743393 -36.966555
v 104.258166 0.550382 -37.103035
v 104.345791 0.307173 -37.190660
v 104.375985 0.037575 -37.220854
v 104.345791 -0.232024 -37.190660
v 104.258166 -0.475232 -37.103035
v 104.121686 -0.668244 -36.966555
v 103.949712 -0.792164 -36.794581
v 103.759077 -0.834865 -36.603946
v 103.568442 -0.792164 -36.413311
v 103.396468 -0.668244 -36.241337
v 103.259988 -0.475232 -36.104857
v 103.172363 -0.232024 -36.017232
v 103.142169 0.037575 -35.987038
v 103.172363 0.307173 -36.017232
v 103.259988 0.550381 -36.104857
v 103.396468 0.743393 -36.241337
v 103.568442 0.867314 -36.413311
v 103.759077 0.910014 -36.603946
v 114.946760 0.037575 -25.416263
v 103.759077 0.037575 -36.603946
vt 0.648603 0.107966
vt 0.626409 0.064408
vt 0.591842 0.029841
vt 0.548284 0.007647
vt 0.500000 -0.000000
vt 0.451716 0.007647
vt 0.408159 0.029841
vt 0.373591 0.064409
vt 0.351397 0.107966
vt 0.343750 0.156250
vt 0.351397 0.204534
vt 0.373591 0.248091
vt 0.408159 0.282659
vt 0.451716 0.304853
vt 0.500000 0.312500
vt 0.548284 0.304853
vt 0.591841 0.282659
vt 0.626409 0.248091
vt 0.648603 0.204534
vt 0.656250 0.156250
vt 0.375000 0.312500
vt 0.387500 0.312500
vt 0.400000 0.312500
vt 0.412500 0.312500
vt 0.425000 0.312500
vt 0.437500 0.312500
vt 0.450000 0.312500
vt 0.462500 0.312500
vt 0.475000 0.312500
vt 0.487500 0.312500
vt 0.500000 0.312500
vt 0.512500 0.312500
vt 0.525000 0.312500
vt 0.537500 0.312500
vt 0.550000 0.312500
vt 0.562500 0.312500
vt 0.575000 0.312500
vt 0.587500 0.312500
vt 0.600000 0.312500
vt 0.612500 0.312500
vt 0.625000 0.312500
vt 0.375000 0.687500
vt 0.387500 0.687500
vt 0.400000 0.687500
vt 0.412500 0.687500
vt 0.425000 0.687500
vt 0.437500 0.687500
vt 0.450000 0.687500
vt 0.462500 0.687500
vt 0.475000 0.687500
vt 0.487500 0.687500
vt 0.500000 0.687500
vt 0.512500 0.687500
vt 0.525000 0.687500
vt 0.537500 0.687500
vt 0.550000 0.687500
vt 0.562500 0.687500
vt 0.575000 0.687500
vt 0.587500 0.687500
vt 0.600000 0.687500
vt 0.612500 0.687500
vt 0.625000 0.687500
vt 0.648603 0.795466
vt 0.626409 0.751908
vt 0.591842 0.717341
vt 0.548284 0.695147
vt 0.500000 0.687500
vt 0.451716 0.695147
vt 0.408159 0.717341
vt 0.373591 0.751909
vt 0.351397 0.795466
vt 0.343750 0.843750
vt 0.351397 0.892034
vt 0.373591 0.935591
vt 0.408159 0.970159
vt 0.451716 0.992353
vt 0.500000 1.000000
vt 0.548284 0.992353
vt 0.591841 0.970159
vt 0.626409 0.935591
vt 0.648603 0.892034
vt 0.656250 0.843750
vt 0.500000 0.156250
vt 0.500000 0.843750
vn 0.218507 0.951057 -0.218507
vn 0.415627 0.809017 -0.415627
vn 0.415627 0.809017 -0.415627
vn 0.218507 0.951057 -0.218507
vn 0.572061 0.587785 -0.572061
vn 0.572061 0.587785 -0.572061
vn 0.672499 0.309017 -0.672499
vn 0.672499 0.309017 -0.672499
vn 0.707107 -0.000000 -0.707107
vn 0.707107 -0.000000 -0.707107
vn 0.672499 -0.309017 -0.672499
vn 0.672499 -0.309017 -0.672499
vn 0.572061 -0.587785 -0.572061
vn 0.572061 -0.587785 -0.572061
vn 0.415627 -0.809017 -0.415627
vn 0.415627 -0.809017 -0.415627
vn 0.218508 -0.951057 -0.218508
vn 0.218508 -0.951057 -0.218508
vn -0.000000 -1.000000 0.000000
vn -0.000000 -1.000000 0.000000
vn -0.218508 -0.951057 0.218508
vn -0.218508 -0.951057 0.218508
vn -0.415627 -0.809017 0.415627
vn -0.415627 -0.809017 0.415627
vn -0.572061 -0.587785 0.572061
vn -0.572061 -0.587785 0.572061
vn -0.672499 -0.309017 0.672499
vn -0.672499 -0.309017 0.672499
vn -0.707107 0.000000 0.707107
vn -0.707107 0.000000 0.707107
vn -0.672499 0.309017 0.672499
vn -0.672499 0.309017 0.672499
vn -0.572061 0.587785 0.572061
vn -0.572061 0.587785 0.572061
vn -0.415627 0.809017 0.415627
vn -0.415627 0.809017 0.415627
vn -0.218508 0.951057 0.218508
vn -0.218508 0.951057 0.218508
vn -0.000001 1.000000 0.000001
vn -0.000001 1.000000 0.000001
vn 0.707107 0.000000 0.707107
vn 0.707107 0.000000 0.707107
vn 0.707107 0.000000 0.707107
vn 0.707107 0.000000 0.707107
vn 0.707107 0.000000 0.707107
vn 0.707107 0.000000 0.707107
vn 0.707107 0.000000 0.707107
vn 0.707107 0.000000 0.707107
vn 0.707107 0.000000 0.707107
vn 0.707107 0.000000 0.707107
vn 0.707107 0.000000 0.707107
vn 0.707107 0.000000 0.707107
vn 0.707107 0.000000 0.707107
vn 0.707107 0.000000 0.707107
vn 0.707107 0.000000 0.707107
vn 0.707107 0.000000 0.707107
vn 0.707107 0.000000 0.707107
vn 0.707107 0.000000 0.707107
vn 0.707107 0.000000 0.707107
vn 0.707107 0.000000 0.707107
vn 0.707107 0.000000 0.707107
vn -0.707107 0.000000 -0.707107
vn -0.707107 0.000000 -0.707107
vn -0.707107 0.000000 -0.707107
vn -0.707107 0.000000 -0.707107
vn -0.707107 0.000000 -0.707107
vn -0.707107 0.000000 -0.707107
vn -0.707107 0.000000 -0.707107
vn -0.707107 0.000000 -0.707107
vn -0.707107 0.000000 -0.707107
vn -0.707107 0.000000 -0.707107
vn -0.707107 0.000000 -0.707107
vn -0.707107 0.000000 -0.707107
vn -0.707107 0.000000 -0.707107
vn -0.707107 0.000000 -0.707107
vn -0.707107 0.000000 -0.707107
vn -0.707107 0.000000 -0.707107
vn -0.707107 0.000000 -0.707107
vn -0.707107 0.000000 -0.707107
vn -0.707107 0.000000 -0.707107
vn -0.707107 0.000000 -0.707107
vn -0.707107 0.000000 -0.707107
s 1
g whole_drone DronePropellorLeg4 drone_propellor_4
usemtl initialShadingGroup
f 221/439/483 222/440/484 242/461/485 241/460/486
f 222/440/484 223/441/487 243/462/488 242/461/485
f 223/441/487 224/442/489 244/463/490 243/462/488
f 224/442/489 225/443/491 245/464/492 244/463/490
f 225/443/491 226/444/493 246/465/494 245/464/492
f 226/444/493 227/445/495 247/466/496 246/465/494
f 227/445/495 228/446/497 248/467/498 247/466/496
f 228/446/497 229/447/499 249/468/500 248/467/498
f 229/447/499 230/448/501 250/469/502 249/468/500
f 230/448/501 231/449/503 251/470/504 250/469/502
f 231/449/503 232/450/505 252/471/506 251/470/504
f 232/450/505 233/451/507 253/472/508 252/471/506
f 233/451/507 234/452/509 254/473/510 253/472/508
f 234/452/509 235/453/511 255/474/512 254/473/510
f 235/453/511 236/454/513 256/475/514 255/474/512
f 236/454/513 237/455/515 257/476/516 256/475/514
f 237/455/515 238/456/517 258/477/518 257/476/516
f 238/456/517 239/457/519 259/478/520 258/477/518
f 239/457/519 240/458/521 260/479/522 259/478/520
f 240/458/521 221/459/483 241/480/486 260/479/522
s 2
f 222/420/523 221/419/524 261/501/525
f 223/421/526 222/420/523 261/501/525
f 224/422/527 223/421/526 261/501/525
f 225/423/528 224/422/527 261/501/525
f 226/424/529 225/423/528 261/501/525
f 227/425/530 226/424/529 261/501/525
f 228/426/531 227/425/530 261/501/525
f 229/427/532 228/426/531 261/501/525
f 230/428/533 229/427/532 261/501/525
f 231/429/534 230/428/533 261/501/525
f 232/430/535 231/429/534 261/501/525
f 233/431/536 232/430/535 261/501/525
f 234/432/537 233/431/536 261/501/525
f 235/433/538 234/432/537 261/501/525
f 236/434/539 235/433/538 261/501/525
f 237/435/540 236/434/539 261/501/525
f 238/436/541 237/435/540 261/501/525
f 239/437/542 238/436/541 261/501/525
f 240/438/543 239/437/542 261/501/525
f 221/419/524 240/438/543 261/501/525
s 3
f 241/499/544 242/498/545 262/502/546
f 242/498/545 243/497/547 262/502/546
f 243/497/547 244/496/548 262/502/546
f 244/496/548 245/495/549 262/502/546
f 245/495/549 246/494/550 262/502/546
f 246/494/550 247/493/551 262/502/546
f 247/493/551 248/492/552 262/502/546
f 248/492/552 249/491/553 262/502/546
f 249/491/553 250/490/554 262/502/546
f 250/490/554 251/489/555 262/502/546
f 251/489/555 252/488/556 262/502/546
f 252/488/556 253/487/557 262/502/546
f 253/487/557 254/486/558 262/502/546
f 254/486/558 255/485/559 262/502/546
f 255/485/559 256/484/560 262/502/546
f 256/484/560 257/483/561 262/502/546
f 257/483/561 258/482/562 262/502/546
f 258/482/562 259/481/563 262/502/546
f 259/481/563 260/500/564 262/502/546
f 260/500/564 241/499/544 262/502/546
g default
v 124.538030 0.867314 -7.731225
v 124.366055 0.743393 -7.559251
v 124.229576 0.550382 -7.422771
v 124.141950 0.307173 -7.335146
v 124.111757 0.037575 -7.304953
v 124.141950 -0.232024 -7.335146
v 124.229576 -0.475232 -7.422772
v 124.366055 -0.668244 -7.559251
v 124.538030 -0.792164 -7.731225
v 124.728665 -0.834865 -7.921860
v 124.919300 -0.792164 -8.112495
v 125.091274 -0.668244 -8.284470
v 125.227753 -0.475232 -8.420949
v 125.315379 -0.232024 -8.508574
v 125.345572 0.037575 -8.538768
v 125.315379 0.307173 -8.508574
v 125.227753 0.550381 -8.420949
v 125.091274 0.743393 -8.284470
v 124.919300 0.867314 -8.112495
v 124.728665 0.910014 -7.921860
v 135.725713 0.867314 3.456458
v 135.553738 0.743393 3.628432
v 135.417259 0.550382 3.764912
v 135.329633 0.307173 3.852537
v 135.299440 0.037575 3.882730
v 135.329633 -0.232024 3.852537
v 135.417259 -0.475232 3.764911
v 135.553738 -0.668244 3.628432
v 135.725713 -0.792164 3.456457
v 135.916348 -0.834865 3.265823
v 136.106983 -0.792164 3.075188
v 136.278957 -0.668244 2.903213
v 136.415436 -0.475232 2.766734
v 136.503062 -0.232024 2.679108
v 136.533255 0.037575 2.648915
v 136.503062 0.307173 2.679108
v 136.415436 0.550381 2.766734
v 136.278957 0.743393 2.903213
v 136.106983 0.867314 3.075188
v 135.916348 0.910014 3.265823
v 124.728665 0.037575 -7.921860
v 135.916348 0.037575 3.265823
vt 0.648603 0.107966
vt 0.626409 0.064408
vt 0.591842 0.029841
vt 0.548284 0.007647
vt 0.500000 -0.000000
vt 0.451716 0.007647
vt 0.408159 0.029841
vt 0.373591 0.064409
vt 0.351397 0.107966
vt 0.343750 0.156250
vt 0.351397 0.204534
vt 0.373591 0.248091
vt 0.408159 0.282659
vt 0.451716 0.304853
vt 0.500000 0.312500
vt 0.548284 0.304853
vt 0.591841 0.282659
vt 0.626409 0.248091
vt 0.648603 0.204534
vt 0.656250 0.156250
vt 0.375000 0.312500
vt 0.387500 0.312500
vt 0.400000 0.312500
vt 0.412500 0.312500
vt 0.425000 0.312500
vt 0.437500 0.312500
vt 0.450000 0.312500
vt 0.462500 0.312500
vt 0.475000 0.312500
vt 0.487500 0.312500
vt 0.500000 0.312500
vt 0.512500 0.312500
vt 0.525000 0.312500
vt 0.537500 0.312500
vt 0.550000 0.312500
vt 0.562500 0.312500
vt 0.575000 0.312500
vt 0.587500 0.312500
vt 0.600000 0.312500
vt 0.612500 0.312500
vt 0.625000 0.312500
vt 0.375000 0.687500
vt 0.387500 0.687500
vt 0.400000 0.687500
vt 0.412500 0.687500
vt 0.425000 0.687500
vt 0.437500 0.687500
vt 0.450000 0.687500
vt 0.462500 0.687500
vt 0.475000 0.687500
vt 0.487500 0.687500
vt 0.500000 0.687500
vt 0.512500 0.687500
vt 0.525000 0.687500
vt 0.537500 0.687500
vt 0.550000 0.687500
vt 0.562500 0.687500
vt 0.575000 0.687500
vt 0.587500 0.687500
vt 0.600000 0.687500
vt 0.612500 0.687500
vt 0.625000 0.687500
vt 0.648603 0.795466
vt 0.626409 0.751908
vt 0.591842 0.717341
vt 0.548284 0.695147
vt 0.500000 0.687500
vt 0.451716 0.695147
vt 0.408159 0.717341
vt 0.373591 0.751909
vt 0.351397 0.795466
vt 0.343750 0.843750
vt 0.351397 0.892034
vt 0.373591 0.935591
vt 0.408159 0.970159
vt 0.451716 0.992353
vt 0.500000 1.000000
vt 0.548284 0.992353
vt 0.591841 0.970159
vt 0.626409 0.935591
vt 0.648603 0.892034
vt 0.656250 0.843750
vt 0.500000 0.156250
vt 0.500000 0.843750
vn -0.218507 0.951057 0.218507
vn -0.415627 0.809017 0.415627
vn -0.415627 0.809017 0.415627
vn -0.218507 0.951057 0.218507
vn -0.572061 0.587785 0.572061
vn -0.572061 0.587785 0.572061
vn -0.672499 0.309017 0.672499
vn -0.672499 0.309017 0.672499
vn -0.707107 -0.000000 0.707107
vn -0.707107 -0.000000 0.707107
vn -0.672499 -0.309017 0.672499
vn -0.672499 -0.309017 0.672499
vn -0.572061 -0.587785 0.572061
vn -0.572061 -0.587785 0.572061
vn -0.415627 -0.809017 0.415627
vn -0.415627 -0.809017 0.415627
vn -0.218508 -0.951057 0.218508
vn -0.218508 -0.951057 0.218508
vn 0.000000 -1.000000 0.000000
vn 0.000000 -1.000000 0.000000
vn 0.218508 -0.951057 -0.218508
vn 0.218508 -0.951057 -0.218508
vn 0.415627 -0.809017 -0.415627
vn 0.415627 -0.809017 -0.415627
vn 0.572061 -0.587785 -0.572061
vn 0.572061 -0.587785 -0.572061
vn 0.672499 -0.309017 -0.672499
vn 0.672499 -0.309017 -0.672499
vn 0.707107 0.000000 -0.707107
vn 0.707107 0.000000 -0.707107
vn 0.672499 0.309017 -0.672499
vn 0.672499 0.309017 -0.672499
vn 0.572061 0.587785 -0.572061
vn 0.572061 0.587785 -0.572061
vn 0.415627 0.809017 -0.415627
vn 0.415627 0.809017 -0.415627
vn 0.218508 0.951057 -0.218508
vn 0.218508 0.951057 -0.218508
vn 0.000001 1.000000 -0.000001
vn 0.000001 1.000000 -0.000001
vn -0.707107 0.000000 -0.707107
vn -0.707107 0.000000 -0.707107
vn -0.707107 0.000000 -0.707107
vn -0.707107 0.000000 -0.707107
vn -0.707107 0.000000 -0.707107
vn -0.707107 0.000000 -0.707107
vn -0.707107 0.000000 -0.707107
vn -0.707107 0.000000 -0.707107
vn -0.707107 0.000000 -0.707107
vn -0.707107 0.000000 -0.707107
vn -0.707107 0.000000 -0.707107
vn -0.707107 0.000000 -0.707107
vn -0.707107 0.000000 -0.707107
vn -0.707107 0.000000 -0.707107
vn -0.707107 0.000000 -0.707107
vn -0.707107 0.000000 -0.707107
vn -0.707107 0.000000 -0.707107
vn -0.707107 0.000000 -0.707107
vn -0.707107 0.000000 -0.707107
vn -0.707107 0.000000 -0.707107
vn -0.707107 0.000000 -0.707107
vn 0.707107 0.000000 0.707107
vn 0.707107 0.000000 0.707107
vn 0.707107 0.000000 0.707107
vn 0.707107 0.000000 0.707107
vn 0.707107 0.000000 0.707107
vn 0.707107 0.000000 0.707107
vn 0.707107 0.000000 0.707107
vn 0.707107 0.000000 0.707107
vn 0.707107 0.000000 0.707107
vn 0.707107 0.000000 0.707107
vn 0.707107 0.000000 0.707107
vn 0.707107 0.000000 0.707107
vn 0.707107 0.000000 0.707107
vn 0.707107 0.000000 0.707107
vn 0.707107 0.000000 0.707107
vn 0.707107 0.000000 0.707107
vn 0.707107 0.000000 0.707107
vn 0.707107 0.000000 0.707107
vn 0.707107 0.000000 0.707107
vn 0.707107 0.000000 0.707107
vn 0.707107 0.000000 0.707107
s 1
g whole_drone DronePropellorLeg2 drone_propellor_2
usemtl initialShadingGroup
f 263/523/565 264/524/566 284/545/567 283/544/568
f 264/524/566 265/525/569 285/546/570 284/545/567
f 265/525/569 266/526/571 286/547/572 285/546/570
f 266/526/571 267/527/573 287/548/574 286/547/572
f 267/527/573 268/528/575 288/549/576 287/548/574
f 268/528/575 269/529/577 289/550/578 288/549/576
f 269/529/577 270/530/579 290/551/580 289/550/578
f 270/530/579 271/531/581 291/552/582 290/551/580
f 271/531/581 272/532/583 292/553/584 291/552/582
f 272/532/583 273/533/585 293/554/586 292/553/584
f 273/533/585 274/534/587 294/555/588 293/554/586
f 274/534/587 275/535/589 295/556/590 294/555/588
f 275/535/589 276/536/591 296/557/592 295/556/590
f 276/536/591 277/537/593 297/558/594 296/557/592
f 277/537/593 278/538/595 298/559/596 297/558/594
f 278/538/595 279/539/597 299/560/598 298/559/596
f 279/539/597 280/540/599 300/561/600 299/560/598
f 280/540/599 281/541/601 301/562/602 300/561/600
f 281/541/601 282/542/603 302/563/604 301/562/602
f 282/542/603 263/543/565 283/564/568 302/563/604
s 2
f 264/504/605 263/503/606 303/585/607
f 265/505/608 264/504/605 303/585/607
f 266/506/609 265/505/608 303/585/607
f 267/507/610 266/506/609 303/585/607
f 268/508/611 267/507/610 303/585/607
f 269/509/612 268/508/611 303/585/607
f 270/510/613 269/509/612 303/585/607
f 271/511/614 270/510/613 303/585/607
f 272/512/615 271/511/614 303/585/607
f 273/513/616 272/512/615 303/585/607
f 274/514/617 273/513/616 303/585/607
f 275/515/618 274/514/617 303/585/607
f 276/516/619 275/515/618 303/585/607
f 277/517/620 276/516/619 303/585/607
f 278/518/621 277/517/620 303/585/607
f 279/519/622 278/518/621 303/585/607
f 280/520/623 279/519/622 303/585/607
f 281/521/624 280/520/623 303/585/607
f 282/522/625 281/521/624 303/585/607
f 263/503/606 282/522/625 303/585/607
s 3
f 283/583/626 284/582/627 304/586/628
f 284/582/627 285/581/629 304/586/628
f 285/581/629 286/580/630 304/586/628
f 286/580/630 287/579/631 304/586/628
f 287/579/631 288/578/632 304/586/628
f 288/578/632 289/577/633 304/586/628
f 289/577/633 290/576/634 304/586/628
f 290/576/634 291/575/635 304/586/628
f 291/575/635 292/574/636 304/586/628
f 292/574/636 293/573/637 304/586/628
f 293/573/637 294/572/638 304/586/628
f 294/572/638 295/571/639 304/586/628
f 295/571/639 296/570/640 304/586/628
f 296/570/640 297/569/641 304/586/628
f 297/569/641 298/568/642 304/586/628
f 298/568/642 299/567/643 304/586/628
f 299/567/643 300/566/644 304/586/628
f 300/566/644 301/565/645 304/586/628
f 301/565/645 302/584/646 304/586/628
f 302/584/646 283/583/626 304/586/628
g default
v 143.129660 1.120455 2.642466
v 135.843728 1.120455 2.642466
v 143.129660 1.902654 2.642466
v 135.843728 1.902654 2.642466
v 143.129660 1.902654 3.642466
v 135.843728 1.902654 3.642466
v 143.129660 1.120455 3.642466
v 135.843728 1.120455 3.642466
vt 0.375000 0.000000
vt 0.625000 0.000000
vt 0.375000 0.250000
vt 0.625000 0.250000
vt 0.375000 0.500000
vt 0.625000 0.500000
vt 0.375000 0.750000
vt 0.625000 0.750000
vt 0.375000 1.000000
vt 0.625000 1.000000
vt 0.875000 0.000000
vt 0.875000 0.250000
vt 0.125000 0.000000
vt 0.125000 0.250000
vn -0.000000 0.000000 -1.000000
vn -0.000000 0.000000 -1.000000
vn -0.000000 0.000000 -1.000000
vn -0.000000 0.000000 -1.000000
vn -0.000000 1.000000 0.000000
vn -0.000000 1.000000 0.000000
vn -0.000000 1.000000 0.000000
vn -0.000000 1.000000 0.000000
vn 0.000000 0.000000 1.000000
vn 0.000000 0.000000 1.000000
vn 0.000000 0.000000 1.000000
vn 0.000000 0.000000 1.000000
vn 0.000000 -1.000000 0.000000
vn 0.000000 -1.000000 0.000000
vn 0.000000 -1.000000 0.000000
vn 0.000000 -1.000000 0.000000
vn -1.000000 0.000000 0.000000
vn -1.000000 0.000000 0.000000
vn -1.000000 0.000000 0.000000
vn -1.000000 0.000000 0.000000
vn 1.000000 0.000000 -0.000000
vn 1.000000 0.000000 -0.000000
vn 1.000000 0.000000 -0.000000
vn 1.000000 0.000000 -0.000000
s off
g whole_drone drone_propellor_2 DronePropellorFan7 drone_propellor_blade_2
usemtl initialShadingGroup
f 305/587/647 306/588/648 308/590/649 307/589/650
f 307/589/651 308/590/652 310/592/653 309/591/654
f 309/591/655 310/592/656 312/594/657 311/593/658
f 311/593/659 312/594/660 306/596/661 305/595/662
f 306/588/663 312/597/664 310/598/665 308/590/666
f 311/599/667 305/587/668 307/589/669 309/600/670
g default
v 127.482922 1.120455 3.553607
v 134.768854 1.120455 3.553607
v 127.482922 1.902654 3.553607
v 134.768854 1.902654 3.553607
v 127.482922 1.902654 2.553607
v 134.768854 1.902654 2.553607
v 127.482922 1.120455 2.553607
v 134.768854 1.120455 2.553607
vt 0.375000 0.000000
vt 0.625000 0.000000
vt 0.375000 0.250000
vt 0.625000 0.250000
vt 0.375000 0.500000
vt 0.625000 0.500000
vt 0.375000 0.750000
vt 0.625000 0.750000
vt 0.375000 1.000000
vt 0.625000 1.000000
vt 0.875000 0.000000
vt 0.875000 0.250000
vt 0.125000 0.000000
vt 0.125000 0.250000
vn 0.000000 0.000000 1.000000
vn 0.000000 0.000000 1.000000
vn 0.000000 0.000000 1.000000
vn 0.000000 0.000000 1.000000
vn 0.000000 1.000000 0.000000
vn 0.000000 1.000000 0.000000
vn 0.000000 1.000000 0.000000
vn 0.000000 1.000000 0.000000
vn 0.000000 0.000000 -1.000000
vn 0.000000 0.000000 -1.000000
vn 0.000000 0.000000 -1.000000
vn 0.000000 0.000000 -1.000000
vn 0.000000 -1.000000 0.000000
vn 0.000000 -1.000000 0.000000
vn 0.000000 -1.000000 0.000000
vn 0.000000 -1.000000 0.000000
vn 1.000000 0.000000 0.000000
vn 1.000000 0.000000 0.000000
vn 1.000000 0.000000 0.000000
vn 1.000000 0.000000 0.000000
vn -1.000000 0.000000 0.000000
vn -1.000000 0.000000 0.000000
vn -1.000000 0.000000 0.000000
vn -1.000000 0.000000 0.000000
s off
g whole_drone drone_propellor_2 drone_propellor_blade_2 DronePropellorFan5
usemtl initialShadingGroup
f 313/601/671 314/602/672 316/604/673 315/603/674
f 315/603/675 316/604/676 318/606/677 317/605/678
f 317/605/679 318/606/680 320/608/681 319/607/682
f 319/607/683 320/608/684 314/610/685 313/609/686
f 314/602/687 320/611/688 318/612/689 316/604/690
f 319/613/691 313/601/692 315/603/693 317/614/694
g default
v 134.843728 1.120455 -4.732326
v 134.843728 1.120455 2.553607
v 134.843728 1.902654 -4.732326
v 134.843728 1.902654 2.553607
v 135.843728 1.902654 -4.732326
v 135.843728 1.902654 2.553607
v 135.843728 1.120455 -4.732326
v 135.843728 1.120455 2.553607
vt 0.375000 0.000000
vt 0.625000 0.000000
vt 0.375000 0.250000
vt 0.625000 0.250000
vt 0.375000 0.500000
vt 0.625000 0.500000
vt 0.375000 0.750000
vt 0.625000 0.750000
vt 0.375000 1.000000
vt 0.625000 1.000000
vt 0.875000 0.000000
vt 0.875000 0.250000
vt 0.125000 0.000000
vt 0.125000 0.250000
vn -1.000000 0.000000 0.000000
vn -1.000000 0.000000 0.000000
vn -1.000000 0.000000 0.000000
vn -1.000000 0.000000 0.000000
vn 0.000000 1.000000 0.000000
vn 0.000000 1.000000 0.000000
vn 0.000000 1.000000 0.000000
vn 0.000000 1.000000 0.000000
vn 1.000000 0.000000 -0.000000
vn 1.000000 0.000000 -0.000000
vn 1.000000 0.000000 -0.000000
vn 1.000000 0.000000 -0.000000
vn 0.000000 -1.000000 0.000000
vn 0.000000 -1.000000 0.000000
vn 0.000000 -1.000000 0.000000
vn 0.000000 -1.000000 0.000000
vn 0.000000 0.000000 1.000000
vn 0.000000 0.000000 1.000000
vn 0.000000 0.000000 1.000000
vn 0.000000 0.000000 1.000000
vn -0.000000 0.000000 -1.000000
vn -0.000000 0.000000 -1.000000
vn -0.000000 0.000000 -1.000000
vn -0.000000 0.000000 -1.000000
s off
g whole_drone drone_propellor_2 drone_propellor_blade_2 DronePropellorFan8
usemtl initialShadingGroup
f 321/615/695 322/616/696 324/618/697 323/617/698
f 323/617/699 324/618/700 326/620/701 325/619/702
f 325/619/703 326/620/704 328/622/705 327/621/706
f 327/621/707 328/622/708 322/624/709 321/623/710
f 322/616/711 328/625/712 326/626/713 324/618/714
f 327/627/715 321/615/716 323/617/717 325/628/718
g default
v 135.904538 1.120455 10.928398
v 135.904538 1.120455 3.642466
v 135.904538 1.902654 10.928398
v 135.904538 1.902654 3.642466
v 134.904538 1.902654 10.928398
v 134.904538 1.902654 3.642466
v 134.904538 1.120455 10.928398
v 134.904538 1.120455 3.642466
vt 0.375000 0.000000
vt 0.625000 0.000000
vt 0.375000 0.250000
vt 0.625000 0.250000
vt 0.375000 0.500000
vt 0.625000 0.500000
vt 0.375000 0.750000
vt 0.625000 0.750000
vt 0.375000 1.000000
vt 0.625000 1.000000
vt 0.875000 0.000000
vt 0.875000 0.250000
vt 0.125000 0.000000
vt 0.125000 0.250000
vn 1.000000 0.000000 0.000000
vn 1.000000 0.000000 0.000000
vn 1.000000 0.000000 0.000000
vn 1.000000 0.000000 0.000000
vn 0.000000 1.000000 0.000000
vn 0.000000 1.000000 0.000000
vn 0.000000 1.000000 0.000000
vn 0.000000 1.000000 0.000000
vn -1.000000 0.000000 -0.000000
vn -1.000000 0.000000 -0.000000
vn -1.000000 0.000000 -0.000000
vn -1.000000 0.000000 -0.000000
vn 0.000000 -1.000000 0.000000
vn 0.000000 -1.000000 0.000000
vn 0.000000 -1.000000 0.000000
vn 0.000000 -1.000000 0.000000
vn 0.000000 0.000000 -1.000000
vn 0.000000 0.000000 -1.000000
vn 0.000000 0.000000 -1.000000
vn 0.000000 0.000000 -1.000000
vn -0.000000 0.000000 1.000000
vn -0.000000 0.000000 1.000000
vn -0.000000 0.000000 1.000000
vn -0.000000 0.000000 1.000000
s off
g whole_drone drone_propellor_2 drone_propellor_blade_2 DronePropellorFan6
usemtl initialShadingGroup
f 329/629/719 330/630/720 332/632/721 331/631/722
f 331/631/723 332/632/724 334/634/725 333/633/726
f 333/633/727 334/634/728 336/636/729 335/635/730
f 335/635/731 336/636/732 330/638/733 329/637/734
f 330/630/735 336/639/736 334/640/737 332/632/738
f 335/641/739 329/629/740 331/631/741 333/642/742
g default
v 136.659159 1.120455 -28.256508
v 136.659159 1.120455 -35.542440
v 136.659159 1.902654 -28.256508
v 136.659159 1.902654 -35.542440
v 135.659159 1.902654 -28.256508
v 135.659159 1.902654 -35.542440
v 135.659159 1.120455 -28.256508
v 135.659159 1.120455 -35.542440
vt 0.375000 0.000000
vt 0.625000 0.000000
vt 0.375000 0.250000
vt 0.625000 0.250000
vt 0.375000 0.500000
vt 0.625000 0.500000
vt 0.375000 0.750000
vt 0.625000 0.750000
vt 0.375000 1.000000
vt 0.625000 1.000000
vt 0.875000 0.000000
vt 0.875000 0.250000
vt 0.125000 0.000000
vt 0.125000 0.250000
vn 1.000000 0.000000 0.000000
vn 1.000000 0.000000 0.000000
vn 1.000000 0.000000 0.000000
vn 1.000000 0.000000 0.000000
vn 0.000000 1.000000 0.000000
vn 0.000000 1.000000 0.000000
vn 0.000000 1.000000 0.000000
vn 0.000000 1.000000 0.000000
vn -1.000000 0.000000 -0.000000
vn -1.000000 0.000000 -0.000000
vn -1.000000 0.000000 -0.000000
vn -1.000000 0.000000 -0.000000
vn 0.000000 -1.000000 0.000000
vn 0.000000 -1.000000 0.000000
vn 0.000000 -1.000000 0.000000
vn 0.000000 -1.000000 0.000000
vn 0.000000 0.000000 -1.000000
vn 0.000000 0.000000 -1.000000
vn 0.000000 0.000000 -1.000000
vn 0.000000 0.000000 -1.000000
vn -0.000000 0.000000 1.000000
vn -0.000000 0.000000 1.000000
vn -0.000000 0.000000 1.000000
vn -0.000000 0.000000 1.000000
s off
g whole_drone DronePropellorFan6 drone_propellor_blade_3 drone_propellor_3
usemtl initialShadingGroup
f 337/643/743 338/644/744 340/646/745 339/645/746
f 339/645/747 340/646/748 342/648/749 341/647/750
f 341/647/751 342/648/752 344/650/753 343/649/754
f 343/649/755 344/650/756 338/652/757 337/651/758
f 338/644/759 344/653/760 342/654/761 340/646/762
f 343/655/763 337/643/764 339/645/765 341/656/766
g default
v 143.884281 1.120455 -36.542440
v 136.598349 1.120455 -36.542440
v 143.884281 1.902654 -36.542440
v 136.598349 1.902654 -36.542440
v 143.884281 1.902654 -35.542440
v 136.598349 1.902654 -35.542440
v 143.884281 1.120455 -35.542440
v 136.598349 1.120455 -35.542440
vt 0.375000 0.000000
vt 0.625000 0.000000
vt 0.375000 0.250000
vt 0.625000 0.250000
vt 0.375000 0.500000
vt 0.625000 0.500000
vt 0.375000 0.750000
vt 0.625000 0.750000
vt 0.375000 1.000000
vt 0.625000 1.000000
vt 0.875000 0.000000
vt 0.875000 0.250000
vt 0.125000 0.000000
vt 0.125000 0.250000
vn -0.000000 0.000000 -1.000000
vn -0.000000 0.000000 -1.000000
vn -0.000000 0.000000 -1.000000
vn -0.000000 0.000000 -1.000000
vn -0.000000 1.000000 0.000000
vn -0.000000 1.000000 0.000000
vn -0.000000 1.000000 0.000000
vn -0.000000 1.000000 0.000000
vn 0.000000 0.000000 1.000000
vn 0.000000 0.000000 1.000000
vn 0.000000 0.000000 1.000000
vn 0.000000 0.000000 1.000000
vn 0.000000 -1.000000 0.000000
vn 0.000000 -1.000000 0.000000
vn 0.000000 -1.000000 0.000000
vn 0.000000 -1.000000 0.000000
vn -1.000000 0.000000 0.000000
vn -1.000000 0.000000 0.000000
vn -1.000000 0.000000 0.000000
vn -1.000000 0.000000 0.000000
vn 1.000000 0.000000 -0.000000
vn 1.000000 0.000000 -0.000000
vn 1.000000 0.000000 -0.000000
vn 1.000000 0.000000 -0.000000
s off
g whole_drone drone_propellor_blade_3 drone_propellor_3 DronePropellorFan7
usemtl initialShadingGroup
f 345/657/767 346/658/768 348/660/769 347/659/770
f 347/659/771 348/660/772 350/662/773 349/661/774
f 349/661/775 350/662/776 352/664/777 351/663/778
f 351/663/779 352/664/780 346/666/781 345/665/782
f 346/658/783 352/667/784 350/668/785 348/660/786
f 351/669/787 345/657/788 347/659/789 349/670/790
g default
v 135.598349 1.120455 -43.917232
v 135.598349 1.120455 -36.631300
v 135.598349 1.902654 -43.917232
v 135.598349 1.902654 -36.631300
v 136.598349 1.902654 -43.917232
v 136.598349 1.902654 -36.631300
v 136.598349 1.120455 -43.917232
v 136.598349 1.120455 -36.631300
vt 0.375000 0.000000
vt 0.625000 0.000000
vt 0.375000 0.250000
vt 0.625000 0.250000
vt 0.375000 0.500000
vt 0.625000 0.500000
vt 0.375000 0.750000
vt 0.625000 0.750000
vt 0.375000 1.000000
vt 0.625000 1.000000
vt 0.875000 0.000000
vt 0.875000 0.250000
vt 0.125000 0.000000
vt 0.125000 0.250000
vn -1.000000 0.000000 0.000000
vn -1.000000 0.000000 0.000000
vn -1.000000 0.000000 0.000000
vn -1.000000 0.000000 0.000000
vn 0.000000 1.000000 0.000000
vn 0.000000 1.000000 0.000000
vn 0.000000 1.000000 0.000000
vn 0.000000 1.000000 0.000000
vn 1.000000 0.000000 -0.000000
vn 1.000000 0.000000 -0.000000
vn 1.000000 0.000000 -0.000000
vn 1.000000 0.000000 -0.000000
vn 0.000000 -1.000000 0.000000
vn 0.000000 -1.000000 0.000000
vn 0.000000 -1.000000 0.000000
vn 0.000000 -1.000000 0.000000
vn 0.000000 0.000000 1.000000
vn 0.000000 0.000000 1.000000
vn 0.000000 0.000000 1.000000
vn 0.000000 0.000000 1.000000
vn -0.000000 0.000000 -1.000000
vn -0.000000 0.000000 -1.000000
vn -0.000000 0.000000 -1.000000
vn -0.000000 0.000000 -1.000000
s off
g whole_drone drone_propellor_blade_3 drone_propellor_3 DronePropellorFan8
usemtl initialShadingGroup
f 353/671/791 354/672/792 356/674/793 355/673/794
f 355/673/795 356/674/796 358/676/797 357/675/798
f 357/675/799 358/676/800 360/678/801 359/677/802
f 359/677/803 360/678/804 354/680/805 353/679/806
f 354/672/807 360/681/808 358/682/809 356/674/810
f 359/683/811 353/671/812 355/673/813 357/684/814
g default
v 128.237542 1.120455 -35.631299
v 135.523475 1.120455 -35.631299
v 128.237542 1.902654 -35.631299
v 135.523475 1.902654 -35.631299
v 128.237542 1.902654 -36.631299
v 135.523475 1.902654 -36.631299
v 128.237542 1.120455 -36.631299
v 135.523475 1.120455 -36.631299
vt 0.375000 0.000000
vt 0.625000 0.000000
vt 0.375000 0.250000
vt 0.625000 0.250000
vt 0.375000 0.500000
vt 0.625000 0.500000
vt 0.375000 0.750000
vt 0.625000 0.750000
vt 0.375000 1.000000
vt 0.625000 1.000000
vt 0.875000 0.000000
vt 0.875000 0.250000
vt 0.125000 0.000000
vt 0.125000 0.250000
vn 0.000000 0.000000 1.000000
vn 0.000000 0.000000 1.000000
vn 0.000000 0.000000 1.000000
vn 0.000000 0.000000 1.000000
vn 0.000000 1.000000 0.000000
vn 0.000000 1.000000 0.000000
vn 0.000000 1.000000 0.000000
vn 0.000000 1.000000 0.000000
vn 0.000000 0.000000 -1.000000
vn 0.000000 0.000000 -1.000000
vn 0.000000 0.000000 -1.000000
vn 0.000000 0.000000 -1.000000
vn 0.000000 -1.000000 0.000000
vn 0.000000 -1.000000 0.000000
vn 0.000000 -1.000000 0.000000
vn 0.000000 -1.000000 0.000000
vn 1.000000 0.000000 0.000000
vn 1.000000 0.000000 0.000000
vn 1.000000 0.000000 0.000000
vn 1.000000 0.000000 0.000000
vn -1.000000 0.000000 0.000000
vn -1.000000 0.000000 0.000000
vn -1.000000 0.000000 0.000000
vn -1.000000 0.000000 0.000000
s off
g whole_drone drone_propellor_blade_3 drone_propellor_3 DronePropellorFan5
usemtl initialShadingGroup
f 361/685/815 362/686/816 364/688/817 363/687/818
f 363/687/819 364/688/820 366/690/821 365/689/822
f 365/689/823 366/690/824 368/692/825 367/691/826
f 367/691/827 368/692/828 362/694/829 361/693/830
f 362/686/831 368/695/832 366/696/833 364/688/834
f 367/697/835 361/685/836 363/687/837 365/698/838
g default
v 125.739582 0.867314 -25.225628
v 125.911557 0.743393 -25.053653
v 126.048036 0.550382 -24.917174
v 126.135661 0.307173 -24.829549
v 126.165855 0.037575 -24.799355
v 126.135661 -0.232024 -24.829549
v 126.048036 -0.475232 -24.917174
v 125.911556 -0.668244 -25.053654
v 125.739582 -0.792164 -25.225628
v 125.548947 -0.834865 -25.416263
v 125.358312 -0.792164 -25.606898
v 125.186338 -0.668244 -25.778872
v 125.049858 -0.475232 -25.915352
v 124.962233 -0.232024 -26.002977
v 124.932040 0.037575 -26.033171
v 124.962233 0.307173 -26.002977
v 125.049858 0.550381 -25.915352
v 125.186338 0.743393 -25.778872
v 125.358312 0.867314 -25.606898
v 125.548947 0.910014 -25.416263
v 136.927265 0.867314 -36.413311
v 137.099240 0.743393 -36.241336
v 137.235719 0.550382 -36.104857
v 137.323344 0.307173 -36.017232
v 137.353538 0.037575 -35.987038
v 137.323344 -0.232024 -36.017232
v 137.235719 -0.475232 -36.104857
v 137.099239 -0.668244 -36.241337
v 136.927265 -0.792164 -36.413311
v 136.736630 -0.834865 -36.603946
v 136.545995 -0.792164 -36.794581
v 136.374021 -0.668244 -36.966555
v 136.237541 -0.475232 -37.103035
v 136.149916 -0.232024 -37.190660
v 136.119722 0.037575 -37.220853
v 136.149916 0.307173 -37.190660
v 136.237541 0.550381 -37.103035
v 136.374021 0.743393 -36.966555
v 136.545995 0.867314 -36.794581
v 136.736630 0.910014 -36.603946
v 125.548947 0.037575 -25.416263
v 136.736630 0.037575 -36.603946
vt 0.648603 0.107966
vt 0.626409 0.064408
vt 0.591842 0.029841
vt 0.548284 0.007647
vt 0.500000 -0.000000
vt 0.451716 0.007647
vt 0.408159 0.029841
vt 0.373591 0.064409
vt 0.351397 0.107966
vt 0.343750 0.156250
vt 0.351397 0.204534
vt 0.373591 0.248091
vt 0.408159 0.282659
vt 0.451716 0.304853
vt 0.500000 0.312500
vt 0.548284 0.304853
vt 0.591841 0.282659
vt 0.626409 0.248091
vt 0.648603 0.204534
vt 0.656250 0.156250
vt 0.375000 0.312500
vt 0.387500 0.312500
vt 0.400000 0.312500
vt 0.412500 0.312500
vt 0.425000 0.312500
vt 0.437500 0.312500
vt 0.450000 0.312500
vt 0.462500 0.312500
vt 0.475000 0.312500
vt 0.487500 0.312500
vt 0.500000 0.312500
vt 0.512500 0.312500
vt 0.525000 0.312500
vt 0.537500 0.312500
vt 0.550000 0.312500
vt 0.562500 0.312500
vt 0.575000 0.312500
vt 0.587500 0.312500
vt 0.600000 0.312500
vt 0.612500 0.312500
vt 0.625000 0.312500
vt 0.375000 0.687500
vt 0.387500 0.687500
vt 0.400000 0.687500
vt 0.412500 0.687500
vt 0.425000 0.687500
vt 0.437500 0.687500
vt 0.450000 0.687500
vt 0.462500 0.687500
vt 0.475000 0.687500
vt 0.487500 0.687500
vt 0.500000 0.687500
vt 0.512500 0.687500
vt 0.525000 0.687500
vt 0.537500 0.687500
vt 0.550000 0.687500
vt 0.562500 0.687500
vt 0.575000 0.687500
vt 0.587500 0.687500
vt 0.600000 0.687500
vt 0.612500 0.687500
vt 0.625000 0.687500
vt 0.648603 0.795466
vt 0.626409 0.751908
vt 0.591842 0.717341
vt 0.548284 0.695147
vt 0.500000 0.687500
vt 0.451716 0.695147
vt 0.408159 0.717341
vt 0.373591 0.751909
vt 0.351397 0.795466
vt 0.343750 0.843750
vt 0.351397 0.892034
vt 0.373591 0.935591
vt 0.408159 0.970159
vt 0.451716 0.992353
vt 0.500000 1.000000
vt 0.548284 0.992353
vt 0.591841 0.970159
vt 0.626409 0.935591
vt 0.648603 0.892034
vt 0.656250 0.843750
vt 0.500000 0.156250
vt 0.500000 0.843750
vn 0.218507 0.951057 0.218507
vn 0.415627 0.809017 0.415627
vn 0.415627 0.809017 0.415627
vn 0.218507 0.951057 0.218507
vn 0.572061 0.587785 0.572061
vn 0.572061 0.587785 0.572061
vn 0.672499 0.309017 0.672499
vn 0.672499 0.309017 0.672499
vn 0.707107 -0.000000 0.707107
vn 0.707107 -0.000000 0.707107
vn 0.672499 -0.309017 0.672499
vn 0.672499 -0.309017 0.672499
vn 0.572061 -0.587785 0.572061
vn 0.572061 -0.587785 0.572061
vn 0.415627 -0.809017 0.415627
vn 0.415627 -0.809017 0.415627
vn 0.218508 -0.951057 0.218508
vn 0.218508 -0.951057 0.218508
vn 0.000000 -1.000000 -0.000000
vn 0.000000 -1.000000 -0.000000
vn -0.218508 -0.951057 -0.218508
vn -0.218508 -0.951057 -0.218508
vn -0.415627 -0.809017 -0.415627
vn -0.415627 -0.809017 -0.415627
vn -0.572061 -0.587785 -0.572061
vn -0.572061 -0.587785 -0.572061
vn -0.672499 -0.309017 -0.672499
vn -0.672499 -0.309017 -0.672499
vn -0.707107 0.000000 -0.707107
vn -0.707107 0.000000 -0.707107
vn -0.672499 0.309017 -0.672499
vn -0.672499 0.309017 -0.672499
vn -0.572061 0.587785 -0.572061
vn -0.572061 0.587785 -0.572061
vn -0.415627 0.809017 -0.415627
vn -0.415627 0.809017 -0.415627
vn -0.218508 0.951057 -0.218508
vn -0.218508 0.951057 -0.218508
vn -0.000001 1.000000 -0.000001
vn -0.000001 1.000000 -0.000001
vn -0.707107 -0.000000 0.707107
vn -0.707107 -0.000000 0.707107
vn -0.707107 -0.000000 0.707107
vn -0.707107 -0.000000 0.707107
vn -0.707107 -0.000000 0.707107
vn -0.707107 -0.000000 0.707107
vn -0.707107 -0.000000 0.707107
vn -0.707107 -0.000000 0.707107
vn -0.707107 -0.000000 0.707107
vn -0.707107 -0.000000 0.707107
vn -0.707107 -0.000000 0.707107
vn -0.707107 -0.000000 0.707107
vn -0.707107 -0.000000 0.707107
vn -0.707107 -0.000000 0.707107
vn -0.707107 -0.000000 0.707107
vn -0.707107 -0.000000 0.707107
vn -0.707107 -0.000000 0.707107
vn -0.707107 -0.000000 0.707107
vn -0.707107 -0.000000 0.707107
vn -0.707107 -0.000000 0.707107
vn -0.707107 -0.000000 0.707107
vn 0.707107 0.000000 -0.707107
vn 0.707107 0.000000 -0.707107
vn 0.707107 0.000000 -0.707107
vn 0.707107 0.000000 -0.707107
vn 0.707107 0.000000 -0.707107
vn 0.707107 0.000000 -0.707107
vn 0.707107 0.000000 -0.707107
vn 0.707107 0.000000 -0.707107
vn 0.707107 0.000000 -0.707107
vn 0.707107 0.000000 -0.707107
vn 0.707107 0.000000 -0.707107
vn 0.707107 0.000000 -0.707107
vn 0.707107 0.000000 -0.707107
vn 0.707107 0.000000 -0.707107
vn 0.707107 0.000000 -0.707107
vn 0.707107 0.000000 -0.707107
vn 0.707107 0.000000 -0.707107
vn 0.707107 0.000000 -0.707107
vn 0.707107 0.000000 -0.707107
vn 0.707107 0.000000 -0.707107
vn 0.707107 0.000000 -0.707107
s 1
g whole_drone drone_propellor_3 DronePropellorLeg3
usemtl initialShadingGroup
f 369/719/839 370/720/840 390/741/841 389/740/842
f 370/720/840 371/721/843 391/742/844 390/741/841
f 371/721/843 372/722/845 392/743/846 391/742/844
f 372/722/845 373/723/847 393/744/848 392/743/846
f 373/723/847 374/724/849 394/745/850 393/744/848
f 374/724/849 375/725/851 395/746/852 394/745/850
f 375/725/851 376/726/853 396/747/854 395/746/852
f 376/726/853 377/727/855 397/748/856 396/747/854
f 377/727/855 378/728/857 398/749/858 397/748/856
f 378/728/857 379/729/859 399/750/860 398/749/858
f 379/729/859 380/730/861 400/751/862 399/750/860
f 380/730/861 381/731/863 401/752/864 400/751/862
f 381/731/863 382/732/865 402/753/866 401/752/864
f 382/732/865 383/733/867 403/754/868 402/753/866
f 383/733/867 384/734/869 404/755/870 403/754/868
f 384/734/869 385/735/871 405/756/872 404/755/870
f 385/735/871 386/736/873 406/757/874 405/756/872
f 386/736/873 387/737/875 407/758/876 406/757/874
f 387/737/875 388/738/877 408/759/878 407/758/876
f 388/738/877 369/739/839 389/760/842 408/759/878
s 2
f 370/700/879 369/699/880 409/781/881
f 371/701/882 370/700/879 409/781/881
f 372/702/883 371/701/882 409/781/881
f 373/703/884 372/702/883 409/781/881
f 374/704/885 373/703/884 409/781/881
f 375/705/886 374/704/885 409/781/881
f 376/706/887 375/705/886 409/781/881
f 377/707/888 376/706/887 409/781/881
f 378/708/889 377/707/888 409/781/881
f 379/709/890 378/708/889 409/781/881
f 380/710/891 379/709/890 409/781/881
f 381/711/892 380/710/891 409/781/881
f 382/712/893 381/711/892 409/781/881
f 383/713/894 382/712/893 409/781/881
f 384/714/895 383/713/894 409/781/881
f 385/715/896 384/714/895 409/781/881
f 386/716/897 385/715/896 409/781/881
f 387/717/898 386/716/897 409/781/881
f 388/718/899 387/717/898 409/781/881
f 369/699/880 388/718/899 409/781/881
s 3
f 389/779/900 390/778/901 410/782/902
f 390/778/901 391/777/903 410/782/902
f 391/777/903 392/776/904 410/782/902
f 392/776/904 393/775/905 410/782/902
f 393/775/905 394/774/906 410/782/902
f 394/774/906 395/773/907 410/782/902
f 395/773/907 396/772/908 410/782/902
f 396/772/908 397/771/909 410/782/902
f 397/771/909 398/770/910 410/782/902
f 398/770/910 399/769/911 410/782/902
f 399/769/911 400/768/912 410/782/902
f 400/768/912 401/767/913 410/782/902
f 401/767/913 402/766/914 410/782/902
f 402/766/914 403/765/915 410/782/902
f 403/765/915 404/764/916 410/782/902
f 404/764/916 405/763/917 410/782/902
f 405/763/917 406/762/918 410/782/902
f 406/762/918 407/761/919 410/782/902
f 407/761/919 408/780/920 410/782/902
f 408/780/920 389/779/900 410/782/902
g default
v 122.448927 0.769919 -6.270434
v 122.110524 1.434073 -6.270434
v 121.583448 1.961148 -6.270434
v 120.919294 2.299551 -6.270434
v 120.183074 2.416157 -6.270434
v 119.446854 2.299551 -6.270434
v 118.782700 1.961148 -6.270434
v 118.255625 1.434072 -6.270434
v 117.917221 0.769918 -6.270434
v 117.800616 0.033698 -6.270434
v 117.917221 -0.702522 -6.270434
v 118.255625 -1.366675 -6.270434
v 118.782700 -1.893751 -6.270434
v 119.446854 -2.232154 -6.270434
v 120.183074 -2.348760 -6.270434
v 120.919294 -2.232154 -6.270434
v 121.583447 -1.893750 -6.270434
v 122.110522 -1.366675 -6.270434
v 122.448926 -0.702522 -6.270434
v 122.565531 0.033698 -6.270434
v 122.448927 0.769919 -1.505519
v 122.110524 1.434073 -1.505519
v 121.583448 1.961148 -1.505519
v 120.919294 2.299551 -1.505519
v 120.183074 2.416157 -1.505519
v 119.446854 2.299551 -1.505519
v 118.782700 1.961148 -1.505519
v 118.255625 1.434072 -1.505519
v 117.917221 0.769918 -1.505519
v 117.800616 0.033698 -1.505519
v 117.917221 -0.702522 -1.505519
v 118.255625 -1.366675 -1.505519
v 118.782700 -1.893751 -1.505519
v 119.446854 -2.232154 -1.505519
v 120.183074 -2.348760 -1.505519
v 120.919294 -2.232154 -1.505519
v 121.583447 -1.893750 -1.505519
v 122.110522 -1.366675 -1.505519
v 122.448926 -0.702522 -1.505519
v 122.565531 0.033698 -1.505519
v 120.183074 0.033698 -6.270434
v 120.183074 0.033698 -1.505519
vt 0.648603 0.107966
vt 0.626409 0.064408
vt 0.591842 0.029841
vt 0.548284 0.007647
vt 0.500000 -0.000000
vt 0.451716 0.007647
vt 0.408159 0.029841
vt 0.373591 0.064409
vt 0.351397 0.107966
vt 0.343750 0.156250
vt 0.351397 0.204534
vt 0.373591 0.248091
vt 0.408159 0.282659
vt 0.451716 0.304853
vt 0.500000 0.312500
vt 0.548284 0.304853
vt 0.591841 0.282659
vt 0.626409 0.248091
vt 0.648603 0.204534
vt 0.656250 0.156250
vt 0.375000 0.312500
vt 0.387500 0.312500
vt 0.400000 0.312500
vt 0.412500 0.312500
vt 0.425000 0.312500
vt 0.437500 0.312500
vt 0.450000 0.312500
vt 0.462500 0.312500
vt 0.475000 0.312500
vt 0.487500 0.312500
vt 0.500000 0.312500
vt 0.512500 0.312500
vt 0.525000 0.312500
vt 0.537500 0.312500
vt 0.550000 0.312500
vt 0.562500 0.312500
vt 0.575000 0.312500
vt 0.587500 0.312500
vt 0.600000 0.312500
vt 0.612500 0.312500
vt 0.625000 0.312500
vt 0.375000 0.687500
vt 0.387500 0.687500
vt 0.400000 0.687500
vt 0.412500 0.687500
vt 0.425000 0.687500
vt 0.437500 0.687500
vt 0.450000 0.687500
vt 0.462500 0.687500
vt 0.475000 0.687500
vt 0.487500 0.687500
vt 0.500000 0.687500
vt 0.512500 0.687500
vt 0.525000 0.687500
vt 0.537500 0.687500
vt 0.550000 0.687500
vt 0.562500 0.687500
vt 0.575000 0.687500
vt 0.587500 0.687500
vt 0.600000 0.687500
vt 0.612500 0.687500
vt 0.625000 0.687500
vt 0.648603 0.795466
vt 0.626409 0.751908
vt 0.591842 0.717341
vt 0.548284 0.695147
vt 0.500000 0.687500
vt 0.451716 0.695147
vt 0.408159 0.717341
vt 0.373591 0.751909
vt 0.351397 0.795466
vt 0.343750 0.843750
vt 0.351397 0.892034
vt 0.373591 0.935591
vt 0.408159 0.970159
vt 0.451716 0.992353
vt 0.500000 1.000000
vt 0.548284 0.992353
vt 0.591841 0.970159
vt 0.626409 0.935591
vt 0.648603 0.892034
vt 0.656250 0.843750
vt 0.500000 0.156250
vt 0.500000 0.843750
vn 0.951057 0.309016 0.000000
vn 0.809017 0.587785 0.000000
vn 0.809017 0.587785 0.000000
vn 0.951057 0.309016 0.000000
vn 0.587785 0.809017 0.000000
vn 0.587785 0.809017 0.000000
vn 0.309017 0.951057 0.000000
vn 0.309017 0.951057 0.000000
vn -0.000000 1.000000 0.000000
vn -0.000000 1.000000 0.000000
vn -0.309017 0.951056 0.000000
vn -0.309017 0.951056 0.000000
vn -0.587785 0.809017 0.000000
vn -0.587785 0.809017 0.000000
vn -0.809017 0.587785 0.000000
vn -0.809017 0.587785 0.000000
vn -0.951056 0.309017 0.000000
vn -0.951056 0.309017 0.000000
vn -1.000000 0.000000 0.000000
vn -1.000000 0.000000 0.000000
vn -0.951056 -0.309017 -0.000000
vn -0.951056 -0.309017 -0.000000
vn -0.809017 -0.587785 -0.000000
vn -0.809017 -0.587785 -0.000000
vn -0.587785 -0.809017 -0.000000
vn -0.587785 -0.809017 -0.000000
vn -0.309017 -0.951057 -0.000000
vn -0.309017 -0.951057 -0.000000
vn 0.000000 -1.000000 -0.000000
vn 0.000000 -1.000000 -0.000000
vn 0.309017 -0.951056 -0.000000
vn 0.309017 -0.951056 -0.000000
vn 0.587785 -0.809017 -0.000000
vn 0.587785 -0.809017 -0.000000
vn 0.809017 -0.587785 -0.000000
vn 0.809017 -0.587785 -0.000000
vn 0.951056 -0.309017 -0.000000
vn 0.951056 -0.309017 -0.000000
vn 1.000000 -0.000001 -0.000000
vn 1.000000 -0.000001 -0.000000
vn 0.000000 0.000000 -1.000000
vn 0.000000 0.000000 -1.000000
vn 0.000000 0.000000 -1.000000
vn 0.000000 0.000000 -1.000000
vn 0.000000 0.000000 -1.000000
vn 0.000000 0.000000 -1.000000
vn 0.000000 0.000000 -1.000000
vn 0.000000 0.000000 -1.000000
vn 0.000000 0.000000 -1.000000
vn 0.000000 0.000000 -1.000000
vn 0.000000 0.000000 -1.000000
vn 0.000000 0.000000 -1.000000
vn 0.000000 0.000000 -1.000000
vn 0.000000 0.000000 -1.000000
vn 0.000000 0.000000 -1.000000
vn 0.000000 0.000000 -1.000000
vn 0.000000 0.000000 -1.000000
vn 0.000000 0.000000 -1.000000
vn 0.000000 0.000000 -1.000000
vn 0.000000 0.000000 -1.000000
vn 0.000000 0.000000 -1.000000
vn 0.000000 -0.000000 1.000000
vn 0.000000 -0.000000 1.000000
vn 0.000000 -0.000000 1.000000
vn 0.000000 -0.000000 1.000000
vn 0.000000 -0.000000 1.000000
vn 0.000000 -0.000000 1.000000
vn 0.000000 -0.000000 1.000000
vn 0.000000 -0.000000 1.000000
vn 0.000000 -0.000000 1.000000
vn 0.000000 -0.000000 1.000000
vn 0.000000 -0.000000 1.000000
vn 0.000000 -0.000000 1.000000
vn 0.000000 -0.000000 1.000000
vn 0.000000 -0.000000 1.000000
vn 0.000000 -0.000000 1.000000
vn 0.000000 -0.000000 1.000000
vn 0.000000 -0.000000 1.000000
vn 0.000000 -0.000000 1.000000
vn 0.000000 -0.000000 1.000000
vn 0.000000 -0.000000 1.000000
vn 0.000000 -0.000000 1.000000
s 1
g whole_drone DroneFrontindicator
usemtl initialShadingGroup
f 411/803/921 412/804/922 432/825/923 431/824/924
f 412/804/922 413/805/925 433/826/926 432/825/923
f 413/805/925 414/806/927 434/827/928 433/826/926
f 414/806/927 415/807/929 435/828/930 434/827/928
f 415/807/929 416/808/931 436/829/932 435/828/930
f 416/808/931 417/809/933 437/830/934 436/829/932
f 417/809/933 418/810/935 438/831/936 437/830/934
f 418/810/935 419/811/937 439/832/938 438/831/936
f 419/811/937 420/812/939 440/833/940 439/832/938
f 420/812/939 421/813/941 441/834/942 440/833/940
f 421/813/941 422/814/943 442/835/944 441/834/942
f 422/814/943 423/815/945 443/836/946 442/835/944
f 423/815/945 424/816/947 444/837/948 443/836/946
f 424/816/947 425/817/949 445/838/950 444/837/948
f 425/817/949 426/818/951 446/839/952 445/838/950
f 426/818/951 427/819/953 447/840/954 446/839/952
f 427/819/953 428/820/955 448/841/956 447/840/954
f 428/820/955 429/821/957 449/842/958 448/841/956
f 429/821/957 430/822/959 450/843/960 449/842/958
f 430/822/959 411/823/921 431/844/924 450/843/960
s 2
f 412/784/961 411/783/962 451/865/963
f 413/785/964 412/784/961 451/865/963
f 414/786/965 413/785/964 451/865/963
f 415/787/966 414/786/965 451/865/963
f 416/788/967 415/787/966 451/865/963
f 417/789/968 416/788/967 451/865/963
f 418/790/969 417/789/968 451/865/963
f 419/791/970 418/790/969 451/865/963
f 420/792/971 419/791/970 451/865/963
f 421/793/972 420/792/971 451/865/963
f 422/794/973 421/793/972 451/865/963
f 423/795/974 422/794/973 451/865/963
f 424/796/975 423/795/974 451/865/963
f 425/797/976 424/796/975 451/865/963
f 426/798/977 425/797/976 451/865/963
f 427/799/978 426/798/977 451/865/963
f 428/800/979 427/799/978 451/865/963
f 429/801/980 428/800/979 451/865/963
f 430/802/981 429/801/980 451/865/963
f 411/783/962 430/802/981 451/865/963
s 3
f 431/863/982 432/862/983 452/866/984
f 432/862/983 433/861/985 452/866/984
f 433/861/985 434/860/986 452/866/984
f 434/860/986 435/859/987 452/866/984
f 435/859/987 436/858/988 452/866/984
f 436/858/988 437/857/989 452/866/984
f 437/857/989 438/856/990 452/866/984
f 438/856/990 439/855/991 452/866/984
f 439/855/991 440/854/992 452/866/984
f 440/854/992 441/853/993 452/866/984
f 441/853/993 442/852/994 452/866/984
f 442/852/994 443/851/995 452/866/984
f 443/851/995 444/850/996 452/866/984
f 444/850/996 445/849/997 452/866/984
f 445/849/997 446/848/998 452/866/984
f 446/848/998 447/847/999 452/866/984
f 447/847/999 448/846/1000 452/866/984
f 448/846/1000 449/845/1001 452/866/984
f 449/845/1001 450/864/1002 452/866/984
f 450/864/1002 431/863/982 452/866/984
g default
v 96.440471 1.120455 -35.677064
v 103.726403 1.120455 -35.677064
v 96.440471 1.902654 -35.677064
v 103.726403 1.902654 -35.677064
v 96.440471 1.902654 -36.677064
v 103.726403 1.902654 -36.677064
v 96.440471 1.120455 -36.677064
v 103.726403 1.120455 -36.677064
vt 0.375000 0.000000
vt 0.625000 0.000000
vt 0.375000 0.250000
vt 0.625000 0.250000
vt 0.375000 0.500000
vt 0.625000 0.500000
vt 0.375000 0.750000
vt 0.625000 0.750000
vt 0.375000 1.000000
vt 0.625000 1.000000
vt 0.875000 0.000000
vt 0.875000 0.250000
vt 0.125000 0.000000
vt 0.125000 0.250000
vn 0.000000 0.000000 1.000000
vn 0.000000 0.000000 1.000000
vn 0.000000 0.000000 1.000000
vn 0.000000 0.000000 1.000000
vn 0.000000 1.000000 0.000000
vn 0.000000 1.000000 0.000000
vn 0.000000 1.000000 0.000000
vn 0.000000 1.000000 0.000000
vn 0.000000 0.000000 -1.000000
vn 0.000000 0.000000 -1.000000
vn 0.000000 0.000000 -1.000000
vn 0.000000 0.000000 -1.000000
vn 0.000000 -1.000000 0.000000
vn 0.000000 -1.000000 0.000000
vn 0.000000 -1.000000 0.000000
vn 0.000000 -1.000000 0.000000
vn 1.000000 0.000000 0.000000
vn 1.000000 0.000000 0.000000
vn 1.000000 0.000000 0.000000
vn 1.000000 0.000000 0.000000
vn -1.000000 0.000000 0.000000
vn -1.000000 0.000000 0.000000
vn -1.000000 0.000000 0.000000
vn -1.000000 0.000000 0.000000
s off
g whole_drone drone_propellor_4 DronePropellorFan1 drone_propellor_blade_4
usemtl initialShadingGroup
f 453/867/1003 454/868/1004 456/870/1005 455/869/1006
f 455/869/1007 456/870/1008 458/872/1009 457/871/1010
f 457/871/1011 458/872/1012 460/874/1013 459/873/1014
f 459/873/1015 460/874/1016 454/876/1017 453/875/1018
f 454/868/1019 460/877/1020 458/878/1021 456/870/1022
f 459/879/1023 453/867/1024 455/869/1025 457/880/1026
g default
v 116.077292 -2.866468 -7.612964
v 116.077292 -3.214291 -8.295604
v 116.077292 -3.756038 -8.837351
v 116.077292 -4.438678 -9.185174
v 116.077292 -5.195391 -9.305025
v 116.077292 -5.952105 -9.185174
v 116.077292 -6.634745 -8.837351
v 116.077292 -7.176492 -8.295604
v 116.077292 -7.524314 -7.612963
v 116.077292 -7.644166 -6.856250
v 116.077292 -7.524314 -6.099538
v 116.077292 -7.176492 -5.416897
v 116.077292 -6.634745 -4.875150
v 116.077292 -5.952104 -4.527328
v 116.077292 -5.195392 -4.407476
v 116.077292 -4.438679 -4.527328
v 116.077292 -3.756038 -4.875151
v 116.077292 -3.214292 -5.416897
v 116.077292 -2.866469 -6.099538
v 116.077292 -2.746618 -6.856250
v 115.641582 -2.866468 -7.612964
v 115.641582 -3.214291 -8.295604
v 115.641582 -3.756038 -8.837351
v 115.641582 -4.438678 -9.185174
v 115.641582 -5.195391 -9.305025
v 115.641582 -5.952105 -9.185174
v 115.641582 -6.634745 -8.837351
v 115.641582 -7.176492 -8.295604
v 115.641582 -7.524314 -7.612963
v 115.641582 -7.644166 -6.856250
v 115.641582 -7.524314 -6.099538
v 115.641582 -7.176492 -5.416897
v 115.641582 -6.634745 -4.875150
v 115.641582 -5.952104 -4.527328
v 115.641582 -5.195392 -4.407476
v 115.641582 -4.438679 -4.527328
v 115.641582 -3.756038 -4.875151
v 115.641582 -3.214292 -5.416897
v 115.641582 -2.866469 -6.099538
v 115.641582 -2.746618 -6.856250
v 116.077292 -5.195391 -6.856250
v 115.641582 -5.195391 -6.856250
vt 0.648603 0.107966
vt 0.626409 0.064408
vt 0.591842 0.029841
vt 0.548284 0.007647
vt 0.500000 -0.000000
vt 0.451716 0.007647
vt 0.408159 0.029841
vt 0.373591 0.064409
vt 0.351397 0.107966
vt 0.343750 0.156250
vt 0.351397 0.204534
vt 0.373591 0.248091
vt 0.408159 0.282659
vt 0.451716 0.304853
vt 0.500000 0.312500
vt 0.548284 0.304853
vt 0.591841 0.282659
vt 0.626409 0.248091
vt 0.648603 0.204534
vt 0.656250 0.156250
vt 0.375000 0.312500
vt 0.387500 0.312500
vt 0.400000 0.312500
vt 0.412500 0.312500
vt 0.425000 0.312500
vt 0.437500 0.312500
vt 0.450000 0.312500
vt 0.462500 0.312500
vt 0.475000 0.312500
vt 0.487500 0.312500
vt 0.500000 0.312500
vt 0.512500 0.312500
vt 0.525000 0.312500
vt 0.537500 0.312500
vt 0.550000 0.312500
vt 0.562500 0.312500
vt 0.575000 0.312500
vt 0.587500 0.312500
vt 0.600000 0.312500
vt 0.612500 0.312500
vt 0.625000 0.312500
vt 0.375000 0.687500
vt 0.387500 0.687500
vt 0.400000 0.687500
vt 0.412500 0.687500
vt 0.425000 0.687500
vt 0.437500 0.687500
vt 0.450000 0.687500
vt 0.462500 0.687500
vt 0.475000 0.687500
vt 0.487500 0.687500
vt 0.500000 0.687500
vt 0.512500 0.687500
vt 0.525000 0.687500
vt 0.537500 0.687500
vt 0.550000 0.687500
vt 0.562500 0.687500
vt 0.575000 0.687500
vt 0.587500 0.687500
vt 0.600000 0.687500
vt 0.612500 0.687500
vt 0.625000 0.687500
vt 0.648603 0.795466
vt 0.626409 0.751908
vt 0.591842 0.717341
vt 0.548284 0.695147
vt 0.500000 0.687500
vt 0.451716 0.695147
vt 0.408159 0.717341
vt 0.373591 0.751909
vt 0.351397 0.795466
vt 0.343750 0.843750
vt 0.351397 0.892034
vt 0.373591 0.935591
vt 0.408159 0.970159
vt 0.451716 0.992353
vt 0.500000 1.000000
vt 0.548284 0.992353
vt 0.591841 0.970159
vt 0.626409 0.935591
vt 0.648603 0.892034
vt 0.656250 0.843750
vt 0.500000 0.156250
vt 0.500000 0.843750
vn -0.000000 0.951057 -0.309016
vn -0.000000 0.809017 -0.587785
vn -0.000000 0.809017 -0.587785
vn -0.000000 0.951057 -0.309016
vn -0.000000 0.587785 -0.809017
vn -0.000000 0.587785 -0.809017
vn -0.000000 0.309017 -0.951057
vn -0.000000 0.309017 -0.951057
vn 0.000000 -0.000000 -1.000000
vn 0.000000 -0.000000 -1.000000
vn 0.000000 -0.309017 -0.951056
vn 0.000000 -0.309017 -0.951056
vn 0.000000 -0.587785 -0.809017
vn 0.000000 -0.587785 -0.809017
vn 0.000000 -0.809017 -0.587785
vn 0.000000 -0.809017 -0.587785
vn 0.000000 -0.951056 -0.309017
vn 0.000000 -0.951056 -0.309017
vn 0.000000 -1.000000 0.000000
vn 0.000000 -1.000000 0.000000
vn 0.000000 -0.951057 0.309017
vn 0.000000 -0.951057 0.309017
vn 0.000000 -0.809017 0.587785
vn 0.000000 -0.809017 0.587785
vn 0.000000 -0.587785 0.809017
vn 0.000000 -0.587785 0.809017
vn 0.000000 -0.309017 0.951057
vn 0.000000 -0.309017 0.951057
vn -0.000000 0.000000 1.000000
vn -0.000000 0.000000 1.000000
vn -0.000000 0.309017 0.951056
vn -0.000000 0.309017 0.951056
vn -0.000000 0.587785 0.809017
vn -0.000000 0.587785 0.809017
vn -0.000000 0.809017 0.587785
vn -0.000000 0.809017 0.587785
vn -0.000000 0.951057 0.309017
vn -0.000000 0.951057 0.309017
vn -0.000000 1.000000 0.000001
vn -0.000000 1.000000 0.000001
vn 1.000000 0.000000 0.000000
vn 1.000000 0.000000 0.000000
vn 1.000000 0.000000 0.000000
vn 1.000000 0.000000 0.000000
vn 1.000000 0.000000 0.000000
vn 1.000000 0.000000 0.000000
vn 1.000000 0.000000 0.000000
vn 1.000000 0.000000 0.000000
vn 1.000000 0.000000 0.000000
vn 1.000000 0.000000 0.000000
vn 1.000000 0.000000 0.000000
vn 1.000000 0.000000 0.000000
vn 1.000000 0.000000 0.000000
vn 1.000000 0.000000 0.000000
vn 1.000000 0.000000 0.000000
vn 1.000000 0.000000 0.000000
vn 1.000000 0.000000 0.000000
vn 1.000000 0.000000 0.000000
vn 1.000000 0.000000 0.000000
vn 1.000000 0.000000 0.000000
vn 1.000000 0.000000 0.000000
vn -1.000000 -0.000000 0.000000
vn -1.000000 -0.000000 0.000000
vn -1.000000 -0.000000 0.000000
vn -1.000000 -0.000000 0.000000
vn -1.000000 -0.000000 0.000000
vn -1.000000 -0.000000 0.000000
vn -1.000000 -0.000000 0.000000
vn -1.000000 -0.000000 0.000000
vn -1.000000 -0.000000 0.000000
vn -1.000000 -0.000000 0.000000
vn -1.000000 -0.000000 0.000000
vn -1.000000 -0.000000 0.000000
vn -1.000000 -0.000000 0.000000
vn -1.000000 -0.000000 0.000000
vn -1.000000 -0.000000 0.000000
vn -1.000000 -0.000000 0.000000
vn -1.000000 -0.000000 0.000000
vn -1.000000 -0.000000 0.000000
vn -1.000000 -0.000000 0.000000
vn -1.000000 -0.000000 0.000000
vn -1.000000 -0.000000 0.000000
s 1
g Drone_Wheel1
usemtl initialShadingGroup
f 461/901/1027 462/902/1028 482/923/1029 481/922/1030
f 462/902/1028 463/903/1031 483/924/1032 482/923/1029
f 463/903/1031 464/904/1033 484/925/1034 483/924/1032
f 464/904/1033 465/905/1035 485/926/1036 484/925/1034
f 465/905/1035 466/906/1037 486/927/1038 485/926/1036
f 466/906/1037 467/907/1039 487/928/1040 486/927/1038
f 467/907/1039 468/908/1041 488/929/1042 487/928/1040
f 468/908/1041 469/909/1043 489/930/1044 488/929/1042
f 469/909/1043 470/910/1045 490/931/1046 489/930/1044
f 470/910/1045 471/911/1047 491/932/1048 490/931/1046
f 471/911/1047 472/912/1049 492/933/1050 491/932/1048
f 472/912/1049 473/913/1051 493/934/1052 492/933/1050
f 473/913/1051 474/914/1053 494/935/1054 493/934/1052
f 474/914/1053 475/915/1055 495/936/1056 494/935/1054
f 475/915/1055 476/916/1057 496/937/1058 495/936/1056
f 476/916/1057 477/917/1059 497/938/1060 496/937/1058
f 477/917/1059 478/918/1061 498/939/1062 497/938/1060
f 478/918/1061 479/919/1063 499/940/1064 498/939/1062
f 479/919/1063 480/920/1065 500/941/1066 499/940/1064
f 480/920/1065 461/921/1027 481/942/1030 500/941/1066
s 2
f 462/882/1067 461/881/1068 501/963/1069
f 463/883/1070 462/882/1067 501/963/1069
f 464/884/1071 463/883/1070 501/963/1069
f 465/885/1072 464/884/1071 501/963/1069
f 466/886/1073 465/885/1072 501/963/1069
f 467/887/1074 466/886/1073 501/963/1069
f 468/888/1075 467/887/1074 501/963/1069
f 469/889/1076 468/888/1075 501/963/1069
f 470/890/1077 469/889/1076 501/963/1069
f 471/891/1078 470/890/1077 501/963/1069
f 472/892/1079 471/891/1078 501/963/1069
f 473/893/1080 472/892/1079 501/963/1069
f 474/894/1081 473/893/1080 501/963/1069
f 475/895/1082 474/894/1081 501/963/1069
f 476/896/1083 475/895/1082 501/963/1069
f 477/897/1084 476/896/1083 501/963/1069
f 478/898/1085 477/897/1084 501/963/1069
f 479/899/1086 478/898/1085 501/963/1069
f 480/900/1087 479/899/1086 501/963/1069
f 461/881/1068 480/900/1087 501/963/1069
s 3
f 481/961/1088 482/960/1089 502/964/1090
f 482/960/1089 483/959/1091 502/964/1090
f 483/959/1091 484/958/1092 502/964/1090
f 484/958/1092 485/957/1093 502/964/1090
f 485/957/1093 486/956/1094 502/964/1090
f 486/956/1094 487/955/1095 502/964/1090
f 487/955/1095 488/954/1096 502/964/1090
f 488/954/1096 489/953/1097 502/964/1090
f 489/953/1097 490/952/1098 502/964/1090
f 490/952/1098 491/951/1099 502/964/1090
f 491/951/1099 492/950/1100 502/964/1090
f 492/950/1100 493/949/1101 502/964/1090
f 493/949/1101 494/948/1102 502/964/1090
f 494/948/1102 495/947/1103 502/964/1090
f 495/947/1103 496/946/1104 502/964/1090
f 496/946/1104 497/945/1105 502/964/1090
f 497/945/1105 498/944/1106 502/964/1090
f 498/944/1106 499/943/1107 502/964/1090
f 499/943/1107 500/962/1108 502/964/1090
f 500/962/1108 481/961/1088 502/964/1090
g default
v 112.087210 1.120455 -36.588205
v 104.801278 1.120455 -36.588205
v 112.087210 1.902654 -36.588205
v 104.801278 1.902654 -36.588205
v 112.087210 1.902654 -35.588205
v 104.801278 1.902654 -35.588205
v 112.087210 1.120455 -35.588205
v 104.801278 1.120455 -35.588205
vt 0.375000 0.000000
vt 0.625000 0.000000
vt 0.375000 0.250000
vt 0.625000 0.250000
vt 0.375000 0.500000
vt 0.625000 0.500000
vt 0.375000 0.750000
vt 0.625000 0.750000
vt 0.375000 1.000000
vt 0.625000 1.000000
vt 0.875000 0.000000
vt 0.875000 0.250000
vt 0.125000 0.000000
vt 0.125000 0.250000
vn -0.000000 0.000000 -1.000000
vn -0.000000 0.000000 -1.000000
vn -0.000000 0.000000 -1.000000
vn -0.000000 0.000000 -1.000000
vn -0.000000 1.000000 0.000000
vn -0.000000 1.000000 0.000000
vn -0.000000 1.000000 0.000000
vn -0.000000 1.000000 0.000000
vn 0.000000 0.000000 1.000000
vn 0.000000 0.000000 1.000000
vn 0.000000 0.000000 1.000000
vn 0.000000 0.000000 1.000000
vn 0.000000 -1.000000 0.000000
vn 0.000000 -1.000000 0.000000
vn 0.000000 -1.000000 0.000000
vn 0.000000 -1.000000 0.000000
vn -1.000000 0.000000 0.000000
vn -1.000000 0.000000 0.000000
vn -1.000000 0.000000 0.000000
vn -1.000000 0.000000 0.000000
vn 1.000000 0.000000 -0.000000
vn 1.000000 0.000000 -0.000000
vn 1.000000 0.000000 -0.000000
vn 1.000000 0.000000 -0.000000
s off
g whole_drone drone_propellor_4 drone_propellor_blade_4 DronePropellorFan3
usemtl initialShadingGroup
f 503/965/1109 504/966/1110 506/968/1111 505/967/1112
f 505/967/1113 506/968/1114 508/970/1115 507/969/1116
f 507/969/1117 508/970/1118 510/972/1119 509/971/1120
f 509/971/1121 510/972/1122 504/974/1123 503/973/1124
f 504/966/1125 510/975/1126 508/976/1127 506/968/1128
f 509/977/1129 503/965/1130 505/967/1131 507/978/1132
g default
v 103.801278 1.120455 -43.962997
v 103.801278 1.120455 -36.677065
v 103.801278 1.902654 -43.962997
v 103.801278 1.902654 -36.677065
v 104.801278 1.902654 -43.962997
v 104.801278 1.902654 -36.677065
v 104.801278 1.120455 -43.962997
v 104.801278 1.120455 -36.677065
vt 0.375000 0.000000
vt 0.625000 0.000000
vt 0.375000 0.250000
vt 0.625000 0.250000
vt 0.375000 0.500000
vt 0.625000 0.500000
vt 0.375000 0.750000
vt 0.625000 0.750000
vt 0.375000 1.000000
vt 0.625000 1.000000
vt 0.875000 0.000000
vt 0.875000 0.250000
vt 0.125000 0.000000
vt 0.125000 0.250000
vn -1.000000 0.000000 0.000000
vn -1.000000 0.000000 0.000000
vn -1.000000 0.000000 0.000000
vn -1.000000 0.000000 0.000000
vn 0.000000 1.000000 0.000000
vn 0.000000 1.000000 0.000000
vn 0.000000 1.000000 0.000000
vn 0.000000 1.000000 0.000000
vn 1.000000 0.000000 -0.000000
vn 1.000000 0.000000 -0.000000
vn 1.000000 0.000000 -0.000000
vn 1.000000 0.000000 -0.000000
vn 0.000000 -1.000000 0.000000
vn 0.000000 -1.000000 0.000000
vn 0.000000 -1.000000 0.000000
vn 0.000000 -1.000000 0.000000
vn 0.000000 0.000000 1.000000
vn 0.000000 0.000000 1.000000
vn 0.000000 0.000000 1.000000
vn 0.000000 0.000000 1.000000
vn -0.000000 0.000000 -1.000000
vn -0.000000 0.000000 -1.000000
vn -0.000000 0.000000 -1.000000
vn -0.000000 0.000000 -1.000000
s off
g whole_drone drone_propellor_4 drone_propellor_blade_4 DronePropellorFan2
usemtl initialShadingGroup
f 511/979/1133 512/980/1134 514/982/1135 513/981/1136
f 513/981/1137 514/982/1138 516/984/1139 515/983/1140
f 515/983/1141 516/984/1142 518/986/1143 517/985/1144
f 517/985/1145 518/986/1146 512/988/1147 511/987/1148
f 512/980/1149 518/989/1150 516/990/1151 514/982/1152
f 517/991/1153 511/979/1154 513/981/1155 515/992/1156
g default
v 104.862088 1.120455 -28.302273
v 104.862088 1.120455 -35.588205
v 104.862088 1.902654 -28.302273
v 104.862088 1.902654 -35.588205
v 103.862088 1.902654 -28.302273
v 103.862088 1.902654 -35.588205
v 103.862088 1.120455 -28.302273
v 103.862088 1.120455 -35.588205
vt 0.375000 0.000000
vt 0.625000 0.000000
vt 0.375000 0.250000
vt 0.625000 0.250000
vt 0.375000 0.500000
vt 0.625000 0.500000
vt 0.375000 0.750000
vt 0.625000 0.750000
vt 0.375000 1.000000
vt 0.625000 1.000000
vt 0.875000 0.000000
vt 0.875000 0.250000
vt 0.125000 0.000000
vt 0.125000 0.250000
vn 1.000000 0.000000 0.000000
vn 1.000000 0.000000 0.000000
vn 1.000000 0.000000 0.000000
vn 1.000000 0.000000 0.000000
vn 0.000000 1.000000 0.000000
vn 0.000000 1.000000 0.000000
vn 0.000000 1.000000 0.000000
vn 0.000000 1.000000 0.000000
vn -1.000000 0.000000 -0.000000
vn -1.000000 0.000000 -0.000000
vn -1.000000 0.000000 -0.000000
vn -1.000000 0.000000 -0.000000
vn 0.000000 -1.000000 0.000000
vn 0.000000 -1.000000 0.000000
vn 0.000000 -1.000000 0.000000
vn 0.000000 -1.000000 0.000000
vn 0.000000 0.000000 -1.000000
vn 0.000000 0.000000 -1.000000
vn 0.000000 0.000000 -1.000000
vn 0.000000 0.000000 -1.000000
vn -0.000000 0.000000 1.000000
vn -0.000000 0.000000 1.000000
vn -0.000000 0.000000 1.000000
vn -0.000000 0.000000 1.000000
s off
g whole_drone drone_propellor_4 drone_propellor_blade_4 DronePropellorFan4
usemtl initialShadingGroup
f 519/993/1157 520/994/1158 522/996/1159 521/995/1160
f 521/995/1161 522/996/1162 524/998/1163 523/997/1164
f 523/997/1165 524/998/1166 526/1000/1167 525/999/1168
f 525/999/1169 526/1000/1170 520/1002/1171 519/1001/1172
f 520/994/1173 526/1003/1174 524/1004/1175 522/996/1176
f 525/1005/1177 519/993/1178 521/995/1179 523/1006/1180
